,date,close,day_prev_close,trend_3_day
1,2009-06-04,20.5343,20.1357,-1
2,2009-06-05,20.6671,20.5343,-1
3,2009-06-08,20.55,20.6671,1
4,2009-06-09,20.3886,20.55,1
5,2009-06-10,20.0357,20.3886,-1
6,2009-06-11,19.9929,20.0357,-1
7,2009-06-12,19.5671,19.9929,-1
8,2009-06-15,19.4414,19.5671,-1
9,2009-06-16,19.4786,19.4414,-1
10,2009-06-17,19.3686,19.4786,-1
11,2009-06-18,19.4114,19.3686,-1
12,2009-06-19,19.9257,19.4114,1
13,2009-06-22,19.6243,19.9257,1
14,2009-06-23,19.1443,19.6243,1
15,2009-06-24,19.46,19.1443,-1
16,2009-06-25,19.98,19.46,-1
17,2009-06-26,20.3486,19.98,1
18,2009-06-29,20.2814,20.3486,1
19,2009-06-30,20.3471,20.2814,1
20,2009-07-01,20.4043,20.3471,1
21,2009-07-02,20.0029,20.4043,1
22,2009-07-06,19.8014,20.0029,1
23,2009-07-07,19.3429,19.8014,-1
24,2009-07-08,19.6029,19.3429,-1
25,2009-07-09,19.48,19.6029,-1
26,2009-07-10,19.7886,19.48,-1
27,2009-07-13,20.3343,19.7886,1
28,2009-07-14,20.3243,20.3343,1
29,2009-07-15,20.9829,20.3243,1
30,2009-07-16,21.0743,20.9829,1
31,2009-07-17,21.6786,21.0743,1
32,2009-07-20,21.8441,21.6786,1
33,2009-07-21,21.6443,21.8441,1
34,2009-07-22,22.3914,21.6443,1
35,2009-07-23,22.5457,22.3914,1
36,2009-07-24,22.8551,22.5457,1
37,2009-07-27,22.8714,22.8551,1
38,2009-07-28,22.8571,22.8714,1
39,2009-07-29,22.8614,22.8571,1
40,2009-07-30,23.2557,22.8614,1
41,2009-07-31,23.3414,23.2557,1
42,2009-08-03,23.7757,23.3414,1
43,2009-08-04,23.65,23.7757,1
44,2009-08-05,23.5871,23.65,1
45,2009-08-06,23.4157,23.5871,-1
46,2009-08-07,23.6443,23.4157,-1
47,2009-08-10,23.5314,23.6443,-1
48,2009-08-11,23.2614,23.5314,-1
49,2009-08-12,23.6157,23.2614,-1
50,2009-08-13,24.06,23.6157,-1
51,2009-08-14,23.8257,24.06,1
52,2009-08-17,22.7986,23.8257,1
53,2009-08-18,23.4286,22.7986,-1
54,2009-08-19,23.5143,23.4286,-1
55,2009-08-20,23.7614,23.5143,1
56,2009-08-21,24.1743,23.7614,1
57,2009-08-24,24.1514,24.1743,1
58,2009-08-25,24.2,24.1514,1
59,2009-08-26,23.9157,24.2,1
60,2009-08-27,24.2071,23.9157,-1
61,2009-08-28,24.2928,24.2071,1
62,2009-08-31,24.03,24.2928,1
63,2009-09-01,23.614,24.03,1
64,2009-09-02,23.5971,23.614,-1
65,2009-09-03,23.7929,23.5971,-1
66,2009-09-04,24.33,23.7929,-1
67,2009-09-08,24.7043,24.33,1
68,2009-09-09,24.4486,24.7043,1
69,2009-09-10,24.6514,24.4486,1
70,2009-09-11,24.5943,24.6514,1
71,2009-09-14,24.8171,24.5943,-1
72,2009-09-15,25.0228,24.8171,1
73,2009-09-16,25.9814,25.0228,1
74,2009-09-17,26.3643,25.9814,1
75,2009-09-18,26.4314,26.3643,1
76,2009-09-21,26.2886,26.4314,1
77,2009-09-22,26.3543,26.2886,1
78,2009-09-23,26.5,26.3543,1
79,2009-09-24,26.26,26.5,1
80,2009-09-25,26.0528,26.26,1
81,2009-09-28,26.5931,26.0528,-1
82,2009-09-29,26.4828,26.5931,-1
83,2009-09-30,26.4786,26.4828,-1
84,2009-10-01,25.8371,26.4786,-1
85,2009-10-02,26.4143,25.8371,-1
86,2009-10-05,26.5748,26.4143,-1
87,2009-10-06,27.1443,26.5748,1
88,2009-10-07,27.1786,27.1443,1
89,2009-10-08,27.0386,27.1786,1
90,2009-10-09,27.21,27.0386,1
91,2009-10-12,27.2586,27.21,1
92,2009-10-13,27.1457,27.2586,1
93,2009-10-14,27.3271,27.1457,1
94,2009-10-15,27.2228,27.3271,1
95,2009-10-16,26.8643,27.2228,-1
96,2009-10-19,27.1228,26.8643,-1
97,2009-10-20,28.3943,27.1228,-1
98,2009-10-21,29.2743,28.3943,1
99,2009-10-22,29.3143,29.2743,1
100,2009-10-23,29.1343,29.3143,1
101,2009-10-26,28.9257,29.1343,1
102,2009-10-27,28.1957,28.9257,-1
103,2009-10-28,27.4857,28.1957,-1
104,2009-10-29,28.05,27.4857,-1
105,2009-10-30,26.9286,28.05,-1
106,2009-11-02,27.0443,26.9286,-1
107,2009-11-03,26.9643,27.0443,1
108,2009-11-04,27.2586,26.9643,-1
109,2009-11-05,27.7186,27.2586,1
110,2009-11-06,27.7628,27.7186,1
111,2009-11-09,28.78,27.7628,1
112,2009-11-10,28.9971,28.78,1
113,2009-11-11,29.0357,28.9971,1
114,2009-11-12,28.8557,29.0357,1
115,2009-11-13,29.2071,28.8557,1
116,2009-11-16,29.5186,29.2071,1
117,2009-11-17,29.5714,29.5186,1
118,2009-11-18,29.4228,29.5714,1
119,2009-11-19,28.6443,29.4228,1
120,2009-11-20,28.56,28.6443,-1
121,2009-11-23,29.4114,28.56,-1
122,2009-11-24,29.2057,29.4114,-1
123,2009-11-25,29.17,29.2057,-1
124,2009-11-27,28.6557,29.17,-1
125,2009-11-30,28.5586,28.6557,-1
126,2009-12-01,28.1386,28.5586,-1
127,2009-12-02,28.0328,28.1386,-1
128,2009-12-03,28.0686,28.0328,-1
129,2009-12-04,27.6171,28.0686,-1
130,2009-12-07,26.9928,27.6171,-1
131,2009-12-08,27.1243,26.9928,-1
132,2009-12-09,28.2571,27.1243,-1
133,2009-12-10,28.0614,28.2571,1
134,2009-12-11,27.81,28.0614,1
135,2009-12-14,28.14,27.81,-1
136,2009-12-15,27.7386,28.14,-1
137,2009-12-16,27.8614,27.7386,-1
138,2009-12-17,27.4086,27.8614,1
139,2009-12-18,27.9186,27.4086,-1
140,2009-12-21,28.3186,27.9186,1
141,2009-12-22,28.6228,28.3186,1
142,2009-12-23,28.8714,28.6228,1
143,2009-12-24,29.8628,28.8714,1
144,2009-12-28,30.23,29.8628,1
145,2009-12-29,29.8714,30.23,1
146,2009-12-30,30.2343,29.8714,1
147,2009-12-31,30.1046,30.2343,1
148,2010-01-04,30.5728,30.1046,-1
149,2010-01-05,30.6257,30.5728,1
150,2010-01-06,30.1386,30.6257,1
151,2010-01-07,30.0828,30.1386,1
152,2010-01-08,30.2828,30.0828,-1
153,2010-01-11,30.0157,30.2828,-1
154,2010-01-12,29.6743,30.0157,-1
155,2010-01-13,30.0928,29.6743,-1
156,2010-01-14,29.9186,30.0928,-1
157,2010-01-15,29.4186,29.9186,-1
158,2010-01-19,30.72,29.4186,-1
159,2010-01-20,30.2464,30.72,-1
160,2010-01-21,29.7246,30.2464,-1
161,2010-01-22,28.25,29.7246,-1
162,2010-01-25,29.0107,28.25,-1
163,2010-01-26,29.42,29.0107,-1
164,2010-01-27,29.6977,29.42,1
165,2010-01-28,28.47,29.6977,1
166,2010-01-29,27.4376,28.47,1
167,2010-02-01,27.8186,27.4376,-1
168,2010-02-02,27.98,27.8186,-1
169,2010-02-03,28.4614,27.98,1
170,2010-02-04,27.4357,28.4614,1
171,2010-02-05,27.9228,27.4357,1
172,2010-02-08,27.7314,27.9228,1
173,2010-02-09,28.0271,27.7314,-1
174,2010-02-10,27.8737,28.0271,1
175,2010-02-11,28.3814,27.8737,-1
176,2010-02-12,28.6257,28.3814,1
177,2010-02-16,29.0571,28.6257,1
178,2010-02-17,28.9357,29.0571,1
179,2010-02-18,28.9897,28.9357,1
180,2010-02-19,28.81,28.9897,1
181,2010-02-22,28.6308,28.81,-1
182,2010-02-23,28.1513,28.6308,-1
183,2010-02-24,28.6651,28.1513,-1
184,2010-02-25,28.8571,28.6651,-1
185,2010-02-26,29.2314,28.8571,1
186,2010-03-01,29.8557,29.2314,1
187,2010-03-02,29.8357,29.8557,1
188,2010-03-03,29.9043,29.8357,1
189,2010-03-04,30.1014,29.9043,1
190,2010-03-05,31.2786,30.1014,1
191,2010-03-08,31.2971,31.2786,1
192,2010-03-09,31.86,31.2971,1
193,2010-03-10,32.12,31.86,1
194,2010-03-11,32.2143,32.12,1
195,2010-03-12,32.3714,32.2143,1
196,2010-03-15,31.9771,32.3714,1
197,2010-03-16,32.0643,31.9771,1
198,2010-03-17,32.0171,32.0643,1
199,2010-03-18,32.0928,32.0171,-1
200,2010-03-19,31.75,32.0928,1
201,2010-03-22,32.1071,31.75,-1
202,2010-03-23,32.6228,32.1071,1
203,2010-03-24,32.7671,32.6228,1
204,2010-03-25,32.3786,32.7671,1
205,2010-03-26,32.9857,32.3786,1
206,2010-03-29,33.1986,32.9857,1
207,2010-03-30,33.6921,33.1986,1
208,2010-03-31,33.5714,33.6921,1
209,2010-04-01,33.71,33.5714,1
210,2010-04-05,34.07,33.71,1
211,2010-04-06,34.22,34.07,1
212,2010-04-07,34.3714,34.22,1
213,2010-04-08,34.2786,34.3714,1
214,2010-04-09,34.5414,34.2786,1
215,2010-04-12,34.6128,34.5414,1
216,2010-04-13,34.6328,34.6128,1
217,2010-04-14,35.0986,34.6328,1
218,2010-04-15,35.56,35.0986,1
219,2010-04-16,35.3428,35.56,1
220,2010-04-19,35.2957,35.3428,1
221,2010-04-20,34.9414,35.2957,-1
222,2010-04-21,37.0314,34.9414,-1
223,2010-04-22,38.0671,37.0314,-1
224,2010-04-23,38.69,38.0671,1
225,2010-04-26,38.5,38.69,1
226,2010-04-27,37.4343,38.5,1
227,2010-04-28,37.3714,37.4343,-1
228,2010-04-29,38.3771,37.3714,-1
229,2010-04-30,37.2986,38.3771,-1
230,2010-05-03,38.05,37.2986,-1
231,2010-05-04,36.9543,38.05,1
232,2010-05-05,36.5693,36.9543,-1
233,2010-05-06,35.1786,36.5693,-1
234,2010-05-07,33.6943,35.1786,-1
235,2010-05-10,36.2843,33.6943,-1
236,2010-05-11,36.6457,36.2843,-1
237,2010-05-12,37.4414,36.6457,1
238,2010-05-13,36.9086,37.4414,1
239,2010-05-14,36.26,36.9086,1
240,2010-05-17,36.3171,36.26,-1
241,2010-05-18,36.0514,36.3171,-1
242,2010-05-19,35.4771,36.0514,-1
243,2010-05-20,33.9657,35.4771,-1
244,2010-05-21,34.6171,33.9657,-1
245,2010-05-24,35.2514,34.6171,-1
246,2010-05-25,35.0314,35.2514,1
247,2010-05-26,34.8727,35.0314,1
248,2010-05-27,36.1928,34.8727,-1
249,2010-05-28,36.6971,36.1928,-1
250,2010-06-01,37.2614,36.6971,1
251,2010-06-02,37.7071,37.2614,1
252,2010-06-03,37.5886,37.7071,1
253,2010-06-04,36.5664,37.5886,1
254,2010-06-07,35.8486,36.5664,-1
255,2010-06-08,35.6186,35.8486,-1
256,2010-06-09,34.7428,35.6186,-1
257,2010-06-10,35.7871,34.7428,-1
258,2010-06-11,36.2157,35.7871,-1
259,2010-06-14,36.3257,36.2157,1
260,2010-06-15,37.0986,36.3257,1
261,2010-06-16,38.1786,37.0986,1
262,2010-06-17,38.8386,38.1786,1
263,2010-06-18,39.1534,38.8386,1
264,2010-06-21,38.5957,39.1534,1
265,2010-06-22,39.1214,38.5957,1
266,2010-06-23,38.71,39.1214,1
267,2010-06-24,38.4286,38.71,-1
268,2010-06-25,38.1,38.4286,-1
269,2010-06-28,38.3286,38.1,-1
270,2010-06-29,36.5957,38.3286,-1
271,2010-06-30,35.9328,36.5957,-1
272,2010-07-01,35.4971,35.9328,-1
273,2010-07-02,35.2771,35.4971,-1
274,2010-07-06,35.5186,35.2771,-1
275,2010-07-07,36.9521,35.5186,-1
276,2010-07-08,36.87,36.9521,1
277,2010-07-09,37.0886,36.87,1
278,2010-07-12,36.755,37.0886,1
279,2010-07-13,35.9711,36.755,-1
280,2010-07-14,36.1038,35.9711,-1
281,2010-07-15,35.9214,36.1038,-1
282,2010-07-16,35.7,35.9214,-1
283,2010-07-19,35.0828,35.7,-1
284,2010-07-20,35.9843,35.0828,-1
285,2010-07-21,36.32,35.9843,-1
286,2010-07-22,37.0034,36.32,1
287,2010-07-23,37.1343,37.0034,1
288,2010-07-26,37.04,37.1343,1
289,2010-07-27,37.7257,37.04,1
290,2010-07-28,37.28,37.7257,1
291,2010-07-29,36.8728,37.28,-1
292,2010-07-30,36.75,36.8728,-1
293,2010-08-02,37.4071,36.75,-1
294,2010-08-03,37.4186,37.4071,-1
295,2010-08-04,37.5686,37.4186,1
296,2010-08-05,37.3857,37.5686,1
297,2010-08-06,37.1558,37.3857,1
298,2010-08-09,37.3928,37.1558,-1
299,2010-08-10,37.0586,37.3928,-1
300,2010-08-11,35.7414,37.0586,-1
301,2010-08-12,35.97,35.7414,-1
302,2010-08-13,35.5857,35.97,-1
303,2010-08-16,35.3771,35.5857,-1
304,2010-08-17,35.9957,35.3771,-1
305,2010-08-18,36.1528,35.9957,-1
306,2010-08-19,35.6971,36.1528,1
307,2010-08-20,35.6628,35.6971,1
308,2010-08-23,35.1143,35.6628,-1
309,2010-08-24,34.2757,35.1143,-1
310,2010-08-25,34.6986,34.2757,-1
311,2010-08-26,34.3257,34.6986,-1
312,2010-08-27,34.5171,34.3257,-1
313,2010-08-30,34.6428,34.5171,1
314,2010-08-31,34.7286,34.6428,1
315,2010-09-01,35.7614,34.7286,1
316,2010-09-02,36.0243,35.7614,1
317,2010-09-03,36.9671,36.0243,1
318,2010-09-07,36.83,36.9671,1
319,2010-09-08,37.56,36.83,1
320,2010-09-09,37.5814,37.56,1
321,2010-09-10,37.63,37.5814,1
322,2010-09-13,38.1486,37.63,1
323,2010-09-14,38.2943,38.1486,1
324,2010-09-15,38.6028,38.2943,1
325,2010-09-16,39.51,38.6028,1
326,2010-09-17,39.3386,39.51,1
327,2010-09-20,40.4614,39.3386,1
328,2010-09-21,40.5386,40.4614,1
329,2010-09-22,41.1071,40.5386,1
330,2010-09-23,41.2743,41.1071,1
331,2010-09-24,41.76,41.2743,1
332,2010-09-27,41.5948,41.76,1
333,2010-09-28,40.98,41.5948,1
334,2010-09-29,41.0528,40.98,-1
335,2010-09-30,40.5357,41.0528,-1
336,2010-10-01,40.36,40.5357,-1
337,2010-10-04,39.8057,40.36,-1
338,2010-10-05,41.2771,39.8057,-1
339,2010-10-06,41.3128,41.2771,-1
340,2010-10-07,41.3171,41.3128,1
341,2010-10-08,42.01,41.3171,1
342,2010-10-11,42.1943,42.01,1
343,2010-10-12,42.6486,42.1943,1
344,2010-10-13,42.8771,42.6486,1
345,2010-10-14,43.1871,42.8771,1
346,2010-10-15,44.9628,43.1871,1
347,2010-10-18,45.4286,44.9628,1
348,2010-10-19,44.2128,45.4286,1
349,2010-10-20,44.3614,44.2128,1
350,2010-10-21,44.2171,44.3614,1
351,2010-10-22,43.9243,44.2171,-1
352,2010-10-25,44.12,43.9243,-1
353,2010-10-26,44.0071,44.12,-1
354,2010-10-27,43.9757,44.0071,-1
355,2010-10-28,43.6057,43.9757,-1
356,2010-10-29,42.9971,43.6057,-1
357,2010-11-01,43.4543,42.9971,-1
358,2010-11-02,44.1943,43.4543,-1
359,2010-11-03,44.6857,44.1943,1
360,2010-11-04,45.4671,44.6857,1
361,2010-11-05,45.3043,45.4671,1
362,2010-11-08,45.5171,45.3043,1
363,2010-11-09,45.1543,45.5171,1
364,2010-11-10,45.4328,45.1543,-1
365,2010-11-11,45.2364,45.4328,1
366,2010-11-12,44.0043,45.2364,-1
367,2010-11-15,43.8621,44.0043,-1
368,2010-11-16,43.0843,43.8621,-1
369,2010-11-17,42.9286,43.0843,-1
370,2010-11-18,44.0614,42.9286,-1
371,2010-11-19,43.8186,44.0614,-1
372,2010-11-22,44.7657,43.8186,-1
373,2010-11-23,44.1043,44.7657,1
374,2010-11-24,44.9707,44.1043,-1
375,2010-11-26,45.0,44.9707,1
376,2010-11-29,45.2671,45.0,1
377,2010-11-30,44.45,45.2671,1
378,2010-12-01,45.2,44.45,1
379,2010-12-02,45.45,45.2,1
380,2010-12-03,45.3486,45.45,1
381,2010-12-06,45.7357,45.3486,1
382,2010-12-07,45.4586,45.7357,1
383,2010-12-08,45.8586,45.4586,-1
384,2010-12-09,45.6796,45.8586,1
385,2010-12-10,45.7943,45.6796,-1
386,2010-12-13,45.9528,45.7943,1
387,2010-12-14,45.7557,45.9528,1
388,2010-12-15,45.7657,45.7557,1
389,2010-12-16,45.8928,45.7657,1
390,2010-12-17,45.8014,45.8928,1
391,2010-12-20,46.03,45.8014,1
392,2010-12-21,46.315,46.03,1
393,2010-12-22,46.4514,46.315,1
394,2010-12-23,46.2286,46.4514,1
395,2010-12-27,46.3828,46.2286,1
396,2010-12-28,46.4957,46.3828,1
397,2010-12-29,46.47,46.4957,1
398,2010-12-30,46.2371,46.47,1
399,2010-12-31,46.08,46.2371,-1
400,2011-01-03,47.0814,46.08,-1
401,2011-01-04,47.3271,47.0814,-1
402,2011-01-05,47.7143,47.3271,1
403,2011-01-06,47.6757,47.7143,1
404,2011-01-07,48.0171,47.6757,1
405,2011-01-10,48.9221,48.0171,1
406,2011-01-11,48.8057,48.9221,1
407,2011-01-12,49.2028,48.8057,1
408,2011-01-13,49.3828,49.2028,1
409,2011-01-14,49.7828,49.3828,1
410,2011-01-18,48.6643,49.7828,1
411,2011-01-19,48.4057,48.6643,1
412,2011-01-20,47.5257,48.4057,-1
413,2011-01-21,46.6743,47.5257,-1
414,2011-01-24,48.2071,46.6743,-1
415,2011-01-25,48.7714,48.2071,-1
416,2011-01-26,49.1214,48.7714,1
417,2011-01-27,49.03,49.1214,1
418,2011-01-28,48.0143,49.03,1
419,2011-01-31,48.4743,48.0143,-1
420,2011-02-01,49.29,48.4743,-1
421,2011-02-02,49.1886,49.29,1
422,2011-02-03,49.0628,49.1886,1
423,2011-02-04,49.5,49.0628,-1
424,2011-02-07,50.2686,49.5,-1
425,2011-02-08,50.7428,50.2686,1
426,2011-02-09,51.1657,50.7428,1
427,2011-02-10,50.6486,51.1657,1
428,2011-02-11,50.9786,50.6486,1
429,2011-02-14,51.3114,50.9786,1
430,2011-02-15,51.4143,51.3114,1
431,2011-02-16,51.8757,51.4143,1
432,2011-02-17,51.1857,51.8757,1
433,2011-02-18,50.08,51.1857,1
434,2011-02-22,48.3728,50.08,-1
435,2011-02-23,48.9457,48.3728,-1
436,2011-02-24,48.9828,48.9457,-1
437,2011-02-25,49.7371,48.9828,1
438,2011-02-28,50.4586,49.7371,1
439,2011-03-01,49.9014,50.4586,1
440,2011-03-02,50.3028,49.9014,1
441,2011-03-03,51.3657,50.3028,1
442,2011-03-04,51.4286,51.3657,1
443,2011-03-07,50.7657,51.4286,1
444,2011-03-08,50.8228,50.7657,1
445,2011-03-09,50.3528,50.8228,1
446,2011-03-10,49.5243,50.3528,-1
447,2011-03-11,50.2843,49.5243,-1
448,2011-03-14,50.5086,50.2843,-1
449,2011-03-15,49.3471,50.5086,1
450,2011-03-16,47.1443,49.3471,1
451,2011-03-17,47.8057,47.1443,-1
452,2011-03-18,47.2386,47.8057,-1
453,2011-03-21,48.4714,47.2386,-1
454,2011-03-22,48.7428,48.4714,1
455,2011-03-23,48.4557,48.7428,1
456,2011-03-24,49.2814,48.4557,1
457,2011-03-25,50.22,49.2814,1
458,2011-03-28,50.0628,50.22,1
459,2011-03-29,50.1371,50.0628,1
460,2011-03-30,49.8043,50.1371,1
461,2011-03-31,49.7868,49.8043,-1
462,2011-04-01,49.2228,49.7868,-1
463,2011-04-04,48.7414,49.2228,-1
464,2011-04-05,48.4128,48.7414,-1
465,2011-04-06,48.2914,48.4128,-1
466,2011-04-07,48.2971,48.2914,-1
467,2011-04-08,47.8657,48.2971,-1
468,2011-04-11,47.2571,47.8657,-1
469,2011-04-12,47.4857,47.2571,-1
470,2011-04-13,48.0186,47.4857,-1
471,2011-04-14,47.4886,48.0186,1
472,2011-04-15,46.78,47.4886,1
473,2011-04-18,47.4071,46.78,-1
474,2011-04-19,48.2657,47.4071,-1
475,2011-04-20,48.9157,48.2657,1
476,2011-04-21,50.0994,48.9157,1
477,2011-04-25,50.4298,50.0994,1
478,2011-04-26,50.06,50.4298,1
479,2011-04-27,50.0214,50.06,1
480,2011-04-28,49.5357,50.0214,-1
481,2011-04-29,50.0186,49.5357,-1
482,2011-05-02,49.4686,50.0186,-1
483,2011-05-03,49.7428,49.4686,-1
484,2011-05-04,49.9386,49.7428,1
485,2011-05-05,49.5357,49.9386,1
486,2011-05-06,49.5228,49.5357,1
487,2011-05-09,49.6571,49.5228,-1
488,2011-05-10,49.9214,49.6571,-1
489,2011-05-11,49.6043,49.9214,1
490,2011-05-12,49.51,49.6043,1
491,2011-05-13,48.6428,49.51,-1
492,2011-05-16,47.6143,48.6428,-1
493,2011-05-17,48.02,47.6143,-1
494,2011-05-18,48.5528,48.02,-1
495,2011-05-19,48.6471,48.5528,1
496,2011-05-20,47.8886,48.6471,1
497,2011-05-23,47.7714,47.8886,1
498,2011-05-24,47.4557,47.7714,-1
499,2011-05-25,48.1114,47.4557,-1
500,2011-05-26,47.8571,48.1114,-1
501,2011-05-27,48.2014,47.8571,-1
502,2011-05-31,49.69,48.2014,1
503,2011-06-01,49.3586,49.69,1
504,2011-06-02,49.4431,49.3586,1
505,2011-06-03,49.0628,49.4431,1
506,2011-06-06,48.2914,49.0628,-1
507,2011-06-07,47.4343,48.2914,-1
508,2011-06-08,47.4628,47.4343,-1
509,2011-06-09,47.3557,47.4628,-1
510,2011-06-10,46.5571,47.3557,-1
511,2011-06-13,46.6571,46.5571,-1
512,2011-06-14,47.4914,46.6571,-1
513,2011-06-15,46.6786,47.4914,1
514,2011-06-16,46.4514,46.6786,1
515,2011-06-17,45.7514,46.4514,-1
516,2011-06-20,45.0457,45.7514,-1
517,2011-06-21,46.4714,45.0457,-1
518,2011-06-22,46.0871,46.4714,-1
519,2011-06-23,47.3186,46.0871,-1
520,2011-06-24,46.6214,47.3186,1
521,2011-06-27,47.4343,46.6214,-1
522,2011-06-28,47.8943,47.4343,1
523,2011-06-29,47.72,47.8943,1
524,2011-06-30,47.9528,47.72,1
525,2011-07-01,49.0371,47.9528,1
526,2011-07-05,49.9186,49.0371,1
527,2011-07-06,50.2514,49.9186,1
528,2011-07-07,51.0286,50.2514,1
529,2011-07-08,51.3871,51.0286,1
530,2011-07-11,50.5714,51.3871,1
531,2011-07-12,50.5357,50.5714,1
532,2011-07-13,51.1457,50.5357,-1
533,2011-07-14,51.11,51.1457,-1
534,2011-07-15,52.1314,51.11,-1
535,2011-07-18,53.4,52.1314,1
536,2011-07-19,53.8357,53.4,1
537,2011-07-20,55.2714,53.8357,1
538,2011-07-21,55.3271,55.2714,1
539,2011-07-22,56.1857,55.3271,1
540,2011-07-25,56.9286,56.1857,1
541,2011-07-26,57.63,56.9286,1
542,2011-07-27,56.0843,57.63,1
543,2011-07-28,55.9743,56.0843,1
544,2011-07-29,55.7828,55.9743,-1
545,2011-08-01,56.6786,55.7828,-1
546,2011-08-02,55.5586,56.6786,-1
547,2011-08-03,56.0814,55.5586,-1
548,2011-08-04,53.91,56.0814,1
549,2011-08-05,53.3743,53.91,-1
550,2011-08-08,50.4586,53.3743,-1
551,2011-08-09,53.43,50.4586,-1
552,2011-08-10,51.9557,53.43,-1
553,2011-08-11,53.3857,51.9557,-1
554,2011-08-12,53.8557,53.3857,1
555,2011-08-15,54.7728,53.8557,1
556,2011-08-16,54.3543,54.7728,1
557,2011-08-17,54.3486,54.3543,1
558,2011-08-18,52.2928,54.3486,-1
559,2011-08-19,50.8614,52.2928,-1
560,2011-08-22,50.92,50.8614,-1
561,2011-08-23,53.3714,50.92,-1
562,2011-08-24,53.74,53.3714,1
563,2011-08-25,53.3886,53.74,1
564,2011-08-26,54.7971,53.3886,1
565,2011-08-29,55.71,54.7971,1
566,2011-08-30,55.7128,55.71,1
567,2011-08-31,54.9757,55.7128,1
568,2011-09-01,54.4328,54.9757,1
569,2011-09-02,53.4357,54.4328,-1
570,2011-09-06,54.2486,53.4357,-1
571,2011-09-07,54.8471,54.2486,-1
572,2011-09-08,54.8771,54.8471,1
573,2011-09-09,53.9257,54.8771,1
574,2011-09-12,54.2771,53.9257,1
575,2011-09-13,54.9457,54.2771,1
576,2011-09-14,55.6143,54.9457,1
577,2011-09-15,56.1371,55.6143,1
578,2011-09-16,57.2143,56.1371,1
579,2011-09-19,58.8043,57.2143,1
580,2011-09-20,59.0643,58.8043,1
581,2011-09-21,58.8771,59.0643,1
582,2011-09-22,57.4028,58.8771,1
583,2011-09-23,57.7571,57.4028,-1
584,2011-09-26,57.5957,57.7571,-1
585,2011-09-27,57.0371,57.5957,-1
586,2011-09-28,56.7157,57.0371,-1
587,2011-09-29,55.7957,56.7157,-1
588,2011-09-30,54.4743,55.7957,-1
589,2011-10-03,53.5143,54.4743,-1
590,2011-10-04,53.2143,53.5143,-1
591,2011-10-05,54.0357,53.2143,-1
592,2011-10-06,53.91,54.0357,-1
593,2011-10-07,52.8286,53.91,-1
594,2011-10-10,55.5443,52.8286,-1
595,2011-10-11,57.1843,55.5443,-1
596,2011-10-12,57.4557,57.1843,1
597,2011-10-13,58.3471,57.4557,1
598,2011-10-14,60.2857,58.3471,1
599,2011-10-17,59.9986,60.2857,1
600,2011-10-18,60.32,59.9986,1
601,2011-10-19,56.9457,60.32,1
602,2011-10-20,56.4728,56.9457,-1
603,2011-10-21,56.1243,56.4728,-1
604,2011-10-24,57.9671,56.1243,-1
605,2011-10-25,56.8243,57.9671,-1
606,2011-10-26,57.2286,56.8243,-1
607,2011-10-27,57.8128,57.2286,1
608,2011-10-28,57.85,57.8128,1
609,2011-10-31,57.8257,57.85,1
610,2011-11-01,56.6443,57.8257,1
611,2011-11-02,56.7728,56.6443,-1
612,2011-11-03,57.5814,56.7728,-1
613,2011-11-04,57.1771,57.5814,1
614,2011-11-07,57.1043,57.1771,1
615,2011-11-08,58.0328,57.1043,-1
616,2011-11-09,56.4686,58.0328,-1
617,2011-11-10,55.0314,56.4686,-1
618,2011-11-11,54.9457,55.0314,-1
619,2011-11-14,54.18,54.9457,-1
620,2011-11-15,55.5471,54.18,-1
621,2011-11-16,54.9671,55.5471,-1
622,2011-11-17,53.9157,54.9671,-1
623,2011-11-18,53.5628,53.9157,-1
624,2011-11-21,52.7157,53.5628,-1
625,2011-11-22,53.7871,52.7157,-1
626,2011-11-23,52.4271,53.7871,-1
627,2011-11-25,51.9386,52.4271,-1
628,2011-11-28,53.7314,51.9386,-1
629,2011-11-29,53.3143,53.7314,-1
630,2011-11-30,54.6,53.3143,-1
631,2011-12-01,55.4186,54.6,1
632,2011-12-02,55.6714,55.4186,1
633,2011-12-05,56.1443,55.6714,1
634,2011-12-06,55.85,56.1443,1
635,2011-12-07,55.5843,55.85,1
636,2011-12-08,55.8086,55.5843,-1
637,2011-12-09,56.2314,55.8086,-1
638,2011-12-12,55.9771,56.2314,1
639,2011-12-13,55.5443,55.9771,1
640,2011-12-14,54.3128,55.5443,-1
641,2011-12-15,54.1343,54.3128,-1
642,2011-12-16,54.4314,54.1343,-1
643,2011-12-19,54.6014,54.4314,-1
644,2011-12-20,56.5643,54.6014,1
645,2011-12-21,56.635,56.5643,1
646,2011-12-22,56.9357,56.635,1
647,2011-12-23,57.6186,56.9357,1
648,2011-12-27,58.0757,57.6186,1
649,2011-12-28,57.52,58.0757,1
650,2011-12-29,57.8743,57.52,1
651,2011-12-30,57.8571,57.8743,1
652,2012-01-03,58.7471,57.8571,-1
653,2012-01-04,59.0628,58.7471,1
654,2012-01-05,59.7186,59.0628,1
655,2012-01-06,60.3428,59.7186,1
656,2012-01-09,60.2471,60.3428,1
657,2012-01-10,60.4628,60.2471,1
658,2012-01-11,60.3643,60.4628,1
659,2012-01-12,60.1986,60.3643,-1
660,2012-01-13,59.9728,60.1986,-1
661,2012-01-17,60.6714,59.9728,-1
662,2012-01-18,61.3014,60.6714,-1
663,2012-01-19,61.1071,61.3014,1
664,2012-01-20,60.0428,61.1071,1
665,2012-01-23,61.0584,60.0428,-1
666,2012-01-24,60.0586,61.0584,-1
667,2012-01-25,63.8086,60.0586,-1
668,2012-01-26,63.5186,63.8086,1
669,2012-01-27,63.8971,63.5186,-1
670,2012-01-30,64.7157,63.8971,1
671,2012-01-31,65.2114,64.7157,1
672,2012-02-01,65.17,65.2114,1
673,2012-02-02,65.0171,65.17,1
674,2012-02-03,65.6686,65.0171,-1
675,2012-02-06,66.2814,65.6686,-1
676,2012-02-07,66.9757,66.2814,1
677,2012-02-08,68.0971,66.9757,1
678,2012-02-09,70.4528,68.0971,1
679,2012-02-10,70.4886,70.4528,1
680,2012-02-13,71.8,70.4886,1
681,2012-02-14,72.78,71.8,1
682,2012-02-15,71.0957,72.78,1
683,2012-02-16,71.7443,71.0957,1
684,2012-02-17,71.7314,71.7443,1
685,2012-02-21,73.55,71.7314,-1
686,2012-02-22,73.2914,73.55,1
687,2012-02-23,73.77,73.2914,-1
688,2012-02-24,74.63,73.77,1
689,2012-02-27,75.1085,74.63,1
690,2012-02-28,76.4871,75.1085,1
691,2012-02-29,77.4914,76.4871,1
692,2012-03-01,77.7814,77.4914,1
693,2012-03-02,77.8828,77.7814,1
694,2012-03-05,76.1657,77.8828,1
695,2012-03-06,75.7514,76.1657,1
696,2012-03-07,75.8128,75.7514,-1
697,2012-03-08,77.4271,75.8128,-1
698,2012-03-09,77.8814,77.4271,1
699,2012-03-12,78.8571,77.8814,1
700,2012-03-13,81.1571,78.8571,1
701,2012-03-14,84.2257,81.1571,1
702,2012-03-15,83.6514,84.2257,1
703,2012-03-16,83.6528,83.6514,1
704,2012-03-19,85.8714,83.6528,1
705,2012-03-20,86.5657,85.8714,1
706,2012-03-21,86.0714,86.5657,1
707,2012-03-22,85.62,86.0714,1
708,2012-03-23,85.15,85.62,-1
709,2012-03-26,86.7114,85.15,-1
710,2012-03-27,87.7828,86.7114,-1
711,2012-03-28,88.2314,87.7828,1
712,2012-03-29,87.1228,88.2314,1
713,2012-03-30,85.65,87.1228,1
714,2012-04-02,88.3757,85.65,-1
715,2012-04-03,89.9028,88.3757,-1
716,2012-04-04,89.1871,89.9028,1
717,2012-04-05,90.5257,89.1871,1
718,2012-04-09,90.89,90.5257,1
719,2012-04-10,89.7771,90.89,1
720,2012-04-11,89.4571,89.7771,1
721,2012-04-12,88.9671,89.4571,-1
722,2012-04-13,86.4614,88.9671,-1
723,2012-04-16,82.8757,86.4614,-1
724,2012-04-17,87.1,82.8757,-1
725,2012-04-18,86.9057,87.1,-1
726,2012-04-19,83.92,86.9057,-1
727,2012-04-20,81.8543,83.92,-1
728,2012-04-23,81.6714,81.8543,-1
729,2012-04-24,80.04,81.6714,-1
730,2012-04-25,87.1428,80.04,-1
731,2012-04-26,86.8143,87.1428,-1
732,2012-04-27,86.1428,86.8143,-1
733,2012-04-30,83.4257,86.1428,-1
734,2012-05-01,83.1614,83.4257,-1
735,2012-05-02,83.7114,83.1614,-1
736,2012-05-03,83.1171,83.7114,-1
737,2012-05-04,80.75,83.1171,-1
738,2012-05-07,81.3543,80.75,-1
739,2012-05-08,81.1685,81.3543,-1
740,2012-05-09,81.3114,81.1685,-1
741,2012-05-10,81.5028,81.3114,1
742,2012-05-11,80.9585,81.5028,1
743,2012-05-14,79.7457,80.9585,1
744,2012-05-15,79.0243,79.7457,-1
745,2012-05-16,78.0107,79.0243,-1
746,2012-05-17,75.7314,78.0107,-1
747,2012-05-18,75.7685,75.7314,-1
748,2012-05-21,80.1828,75.7685,-1
749,2012-05-22,79.5671,80.1828,1
750,2012-05-23,81.5085,79.5671,1
751,2012-05-24,80.76,81.5085,1
752,2012-05-25,80.3271,80.76,-1
753,2012-05-29,81.7528,80.3271,-1
754,2012-05-30,82.7385,81.7528,-1
755,2012-05-31,82.5328,82.7385,1
756,2012-06-01,80.1414,82.5328,1
757,2012-06-04,80.6128,80.1414,-1
758,2012-06-05,80.4043,80.6128,-1
759,2012-06-06,81.6371,80.4043,-1
760,2012-06-07,81.6743,81.6371,1
761,2012-06-08,82.9028,81.6743,1
762,2012-06-11,81.5957,82.9028,1
763,2012-06-12,82.3085,81.5957,1
764,2012-06-13,81.7371,82.3085,1
765,2012-06-14,81.6471,81.7371,-1
766,2012-06-15,82.0185,81.6471,-1
767,2012-06-18,83.6828,82.0185,-1
768,2012-06-19,83.9157,83.6828,1
769,2012-06-20,83.6773,83.9157,1
770,2012-06-21,82.5243,83.6773,1
771,2012-06-22,83.1571,82.5243,-1
772,2012-06-25,81.5378,83.1571,-1
773,2012-06-26,81.7178,81.5378,-1
774,2012-06-27,82.0714,81.7178,1
775,2012-06-28,81.2928,82.0714,1
776,2012-06-29,83.4285,81.2928,1
777,2012-07-02,84.6457,83.4285,1
778,2012-07-03,85.63,84.6457,1
779,2012-07-05,87.1343,85.63,1
780,2012-07-06,86.5543,87.1343,1
781,2012-07-09,87.6985,86.5543,1
782,2012-07-10,86.8871,87.6985,1
783,2012-07-11,86.3471,86.8871,-1
784,2012-07-12,85.5571,86.3471,-1
785,2012-07-13,86.4243,85.5571,-1
786,2012-07-16,86.7014,86.4243,-1
787,2012-07-17,86.7057,86.7014,1
788,2012-07-18,86.6085,86.7057,1
789,2012-07-19,87.76,86.6085,1
790,2012-07-20,86.3285,87.76,1
791,2012-07-23,86.2614,86.3285,-1
792,2012-07-24,85.8457,86.2614,-1
793,2012-07-25,82.1385,85.8457,-1
794,2012-07-26,82.1257,82.1385,-1
795,2012-07-27,83.5943,82.1257,-1
796,2012-07-30,85.0043,83.5943,-1
797,2012-07-31,87.2514,85.0043,1
798,2012-08-01,86.6871,87.2514,1
799,2012-08-02,86.8271,86.6871,1
800,2012-08-03,87.9571,86.8271,1
801,2012-08-06,88.9357,87.9571,1
802,2012-08-07,88.702,88.9357,1
803,2012-08-08,88.5514,88.702,1
804,2012-08-09,88.6757,88.5514,-1
805,2012-08-10,88.8143,88.6757,-1
806,2012-08-13,90.0,88.8143,1
807,2012-08-14,90.2414,90.0,1
808,2012-08-15,90.1185,90.2414,1
809,2012-08-16,90.9057,90.1185,1
810,2012-08-17,92.5871,90.9057,1
811,2012-08-20,95.0214,92.5871,1
812,2012-08-21,93.7231,95.0214,1
813,2012-08-22,95.5528,93.7231,1
814,2012-08-23,94.6614,95.5528,1
815,2012-08-24,94.746,94.6614,-1
816,2012-08-27,96.5257,94.746,1
817,2012-08-28,96.4,96.5257,1
818,2012-08-29,96.2094,96.4,1
819,2012-08-30,94.8383,96.2094,-1
820,2012-08-31,95.0343,94.8383,-1
821,2012-09-04,96.4243,95.0343,-1
822,2012-09-05,95.7471,96.4243,1
823,2012-09-06,96.61,95.7471,1
824,2012-09-07,97.2057,96.61,1
825,2012-09-10,94.6771,97.2057,1
826,2012-09-11,94.37,94.6771,1
827,2012-09-12,95.6843,94.37,-1
828,2012-09-13,97.5685,95.6843,-1
829,2012-09-14,98.7543,97.5685,1
830,2012-09-17,99.9687,98.7543,1
831,2012-09-18,100.2728,99.9687,1
832,2012-09-19,100.3,100.2728,1
833,2012-09-20,99.8143,100.3,1
834,2012-09-21,100.0135,99.8143,1
835,2012-09-24,98.6843,100.0135,1
836,2012-09-25,96.22,98.6843,-1
837,2012-09-26,95.0257,96.22,-1
838,2012-09-27,97.3314,95.0257,-1
839,2012-09-28,95.3007,97.3314,-1
840,2012-10-01,94.1985,95.3007,-1
841,2012-10-02,94.4728,94.1985,-1
842,2012-10-03,95.9214,94.4728,-1
843,2012-10-04,95.2571,95.9214,1
844,2012-10-05,93.2271,95.2571,1
845,2012-10-08,91.1671,93.2271,-1
846,2012-10-09,90.8357,91.1671,-1
847,2012-10-10,91.5585,90.8357,-1
848,2012-10-11,89.7285,91.5585,-1
849,2012-10-12,89.9591,89.7285,-1
850,2012-10-15,90.68,89.9591,1
851,2012-10-16,92.8275,90.68,1
852,2012-10-17,92.0876,92.8275,1
853,2012-10-18,90.3771,92.0876,1
854,2012-10-19,87.12,90.3771,-1
855,2012-10-22,90.5757,87.12,-1
856,2012-10-23,87.6222,90.5757,-1
857,2012-10-24,88.1185,87.6222,-1
858,2012-10-25,87.0768,88.1185,1
859,2012-10-26,86.2857,87.0768,-1
860,2012-10-31,85.0457,86.2857,-1
861,2012-11-01,85.22,85.0457,-1
862,2012-11-02,82.4,85.22,-1
863,2012-11-05,83.5173,82.4,-1
864,2012-11-06,83.2642,83.5173,1
865,2012-11-07,79.7145,83.2642,-1
866,2012-11-08,76.8214,79.7145,-1
867,2012-11-09,78.1514,76.8214,-1
868,2012-11-12,77.5471,78.1514,-1
869,2012-11-13,77.5568,77.5471,-1
870,2012-11-14,76.6971,77.5568,1
871,2012-11-15,75.0885,76.6971,-1
872,2012-11-16,75.3825,75.0885,-1
873,2012-11-19,80.8185,75.3825,-1
874,2012-11-20,80.1305,80.8185,1
875,2012-11-21,80.2428,80.1305,1
876,2012-11-23,81.6428,80.2428,1
877,2012-11-26,84.2185,81.6428,1
878,2012-11-27,83.54,84.2185,1
879,2012-11-28,83.2771,83.54,1
880,2012-11-29,84.1943,83.2771,-1
881,2012-11-30,83.6114,84.1943,-1
882,2012-12-03,83.7414,83.6114,-1
883,2012-12-04,82.2636,83.7414,1
884,2012-12-05,76.9703,82.2636,-1
885,2012-12-06,78.1778,76.9703,-1
886,2012-12-07,76.1785,78.1778,-1
887,2012-12-10,75.6887,76.1785,-1
888,2012-12-11,77.3411,75.6887,-1
889,2012-12-12,77.0,77.3411,-1
890,2012-12-13,75.67,77.0,-1
891,2012-12-14,72.8277,75.67,-1
892,2012-12-17,74.1185,72.8277,-1
893,2012-12-18,76.2714,74.1185,-1
894,2012-12-19,75.1871,76.2714,1
895,2012-12-20,74.5329,75.1871,1
896,2012-12-21,74.19,74.5329,-1
897,2012-12-24,74.3097,74.19,-1
898,2012-12-26,73.2856,74.3097,-1
899,2012-12-27,73.58,73.2856,-1
900,2012-12-28,72.7984,73.58,1
901,2012-12-31,76.0247,72.7984,-1
902,2013-01-02,78.4328,76.0247,1
903,2013-01-03,77.4422,78.4328,1
904,2013-01-04,75.2857,77.4422,1
905,2013-01-07,74.8428,75.2857,-1
906,2013-01-08,75.0443,74.8428,-1
907,2013-01-09,73.8714,75.0443,-1
908,2013-01-10,74.7871,73.8714,-1
909,2013-01-11,74.3285,74.7871,1
910,2013-01-14,71.6785,74.3285,-1
911,2013-01-15,69.4171,71.6785,-1
912,2013-01-16,72.2985,69.4171,-1
913,2013-01-17,71.8114,72.2985,-1
914,2013-01-18,71.4285,71.8114,-1
915,2013-01-22,72.11,71.4285,-1
916,2013-01-23,73.4293,72.11,-1
917,2013-01-24,64.3571,73.4293,1
918,2013-01-25,62.84,64.3571,1
919,2013-01-28,64.2614,62.84,-1
920,2013-01-29,65.4671,64.2614,-1
921,2013-01-30,65.2614,65.4671,1
922,2013-01-31,65.07,65.2614,1
923,2013-02-01,64.8028,65.07,-1
924,2013-02-04,63.188,64.8028,-1
925,2013-02-05,65.4063,63.188,-1
926,2013-02-06,65.3357,65.4063,-1
927,2013-02-07,66.8886,65.3357,-1
928,2013-02-08,67.8543,66.8886,1
929,2013-02-11,68.5614,67.8543,1
930,2013-02-12,66.8428,68.5614,1
931,2013-02-13,66.7157,66.8428,1
932,2013-02-14,66.6557,66.7157,-1
933,2013-02-15,65.7371,66.6557,-1
934,2013-02-19,65.7128,65.7371,-1
935,2013-02-20,64.1214,65.7128,-1
936,2013-02-21,63.7228,64.1214,-1
937,2013-02-22,64.4014,63.7228,-1
938,2013-02-25,63.2571,64.4014,-1
939,2013-02-26,64.1386,63.2571,-1
940,2013-02-27,63.51,64.1386,1
941,2013-02-28,63.0571,63.51,-1
942,2013-03-01,61.4957,63.0571,-1
943,2013-03-04,60.0071,61.4957,-1
944,2013-03-05,61.592,60.0071,-1
945,2013-03-06,60.8088,61.592,-1
946,2013-03-07,61.5117,60.8088,-1
947,2013-03-08,61.6743,61.5117,1
948,2013-03-11,62.5528,61.6743,1
949,2013-03-12,61.2043,62.5528,1
950,2013-03-13,61.1928,61.2043,1
951,2013-03-14,61.7857,61.1928,-1
952,2013-03-15,63.38,61.7857,-1
953,2013-03-18,65.1028,63.38,1
954,2013-03-19,64.9271,65.1028,1
955,2013-03-20,64.5828,64.9271,1
956,2013-03-21,64.6757,64.5828,-1
957,2013-03-22,65.9871,64.6757,-1
958,2013-03-25,66.2257,65.9871,1
959,2013-03-26,65.8766,66.2257,1
960,2013-03-27,64.5828,65.8766,1
961,2013-03-28,63.2371,64.5828,-1
962,2013-04-01,61.2728,63.2371,-1
963,2013-04-02,61.3988,61.2728,-1
964,2013-04-03,61.7128,61.3988,-1
965,2013-04-04,61.1028,61.7128,1
966,2013-04-05,60.4571,61.1028,1
967,2013-04-08,60.8871,60.4571,-1
968,2013-04-09,60.9971,60.8871,-1
969,2013-04-10,62.2414,60.9971,1
970,2013-04-11,62.0471,62.2414,1
971,2013-04-12,61.4,62.0471,1
972,2013-04-15,59.9786,61.4,-1
973,2013-04-16,60.8914,59.9786,-1
974,2013-04-17,57.5428,60.8914,-1
975,2013-04-18,56.0071,57.5428,-1
976,2013-04-19,55.79,56.0071,-1
977,2013-04-22,56.9528,55.79,-1
978,2013-04-23,58.0186,56.9528,-1
979,2013-04-24,57.9231,58.0186,1
980,2013-04-25,58.34,57.9231,1
981,2013-04-26,59.6007,58.34,1
982,2013-04-29,61.4457,59.6007,1
983,2013-04-30,63.2543,61.4457,1
984,2013-05-01,62.7557,63.2543,1
985,2013-05-02,63.6457,62.7557,1
986,2013-05-03,64.2828,63.6457,1
987,2013-05-06,65.8157,64.2828,1
988,2013-05-07,65.5226,65.8157,1
989,2013-05-08,66.2628,65.5226,1
990,2013-05-09,65.2528,66.2628,1
991,2013-05-10,64.71,65.2528,-1
992,2013-05-13,64.9628,64.71,-1
993,2013-05-14,63.4086,64.9628,-1
994,2013-05-15,61.2643,63.4086,-1
995,2013-05-16,62.0826,61.2643,-1
996,2013-05-17,61.8943,62.0826,-1
997,2013-05-20,63.2757,61.8943,-1
998,2013-05-21,62.8086,63.2757,1
999,2013-05-22,63.0506,62.8086,-1
1000,2013-05-23,63.1628,63.0506,1
1001,2013-05-24,63.5928,63.1628,1
1002,2013-05-28,63.0627,63.5928,1
1003,2013-05-29,63.5643,63.0627,1
1004,2013-05-30,64.5114,63.5643,1
1005,2013-05-31,64.2478,64.5114,1
1006,2013-06-03,64.3886,64.2478,1
1007,2013-06-04,64.1871,64.3886,1
1008,2013-06-05,63.5871,64.1871,-1
1009,2013-06-06,62.6371,63.5871,-1
1010,2013-06-07,63.1158,62.6371,-1
1011,2013-06-10,62.6986,63.1158,-1
1012,2013-06-11,62.5143,62.6986,-1
1013,2013-06-12,61.7414,62.5143,-1
1014,2013-06-13,62.2807,61.7414,-1
1015,2013-06-14,61.4357,62.2807,-1
1016,2013-06-17,61.7143,61.4357,-1
1017,2013-06-18,61.6814,61.7143,1
1018,2013-06-19,60.4286,61.6814,-1
1019,2013-06-20,59.5483,60.4286,-1
1020,2013-06-21,59.0714,59.5483,-1
1021,2013-06-24,57.5057,59.0714,-1
1022,2013-06-25,57.5186,57.5057,-1
1023,2013-06-26,56.8671,57.5186,-1
1024,2013-06-27,56.2543,56.8671,-1
1025,2013-06-28,56.6471,56.2543,-1
1026,2013-07-01,58.46,56.6471,-1
1027,2013-07-02,59.7843,58.46,1
1028,2013-07-03,60.1143,59.7843,1
1029,2013-07-05,59.6314,60.1143,1
1030,2013-07-08,59.2928,59.6314,1
1031,2013-07-09,60.3357,59.2928,-1
1032,2013-07-10,60.1043,60.3357,-1
1033,2013-07-11,61.0411,60.1043,-1
1034,2013-07-12,60.93,61.0411,1
1035,2013-07-15,61.0628,60.93,-1
1036,2013-07-16,61.4564,61.0628,1
1037,2013-07-17,61.4728,61.4564,1
1038,2013-07-18,61.6797,61.4728,1
1039,2013-07-19,60.7071,61.6797,1
1040,2013-07-22,60.9014,60.7071,1
1041,2013-07-23,59.8557,60.9014,1
1042,2013-07-24,62.93,59.8557,-1
1043,2013-07-25,62.6428,62.93,1
1044,2013-07-26,62.9986,62.6428,-1
1045,2013-07-29,63.97,62.9986,1
1046,2013-07-30,64.76,63.97,1
1047,2013-07-31,64.6471,64.76,1
1048,2013-08-01,65.2394,64.6471,1
1049,2013-08-02,66.0771,65.2394,1
1050,2013-08-05,67.0643,66.0771,1
1051,2013-08-06,66.4643,67.0643,1
1052,2013-08-07,66.4257,66.4643,1
1053,2013-08-08,65.8586,66.4257,-1
1054,2013-08-09,64.9214,65.8586,-1
1055,2013-08-12,66.7657,64.9214,-1
1056,2013-08-13,69.9386,66.7657,-1
1057,2013-08-14,71.2143,69.9386,1
1058,2013-08-15,71.13,71.2143,1
1059,2013-08-16,71.7614,71.13,1
1060,2013-08-19,72.5343,71.7614,1
1061,2013-08-20,71.5814,72.5343,1
1062,2013-08-21,71.7657,71.5814,1
1063,2013-08-22,71.8514,71.7657,1
1064,2013-08-23,71.5743,71.8514,1
1065,2013-08-26,71.8528,71.5743,1
1066,2013-08-27,69.7986,71.8528,1
1067,2013-08-28,70.128,69.7986,-1
1068,2013-08-29,70.2428,70.128,1
1069,2013-08-30,69.6023,70.2428,1
1070,2013-09-03,69.7971,69.6023,1
1071,2013-09-04,71.2416,69.7971,1
1072,2013-09-05,70.7528,71.2416,1
1073,2013-09-06,71.1743,70.7528,1
1074,2013-09-09,72.31,71.1743,1
1075,2013-09-10,70.6628,72.31,1
1076,2013-09-11,66.8157,70.6628,1
1077,2013-09-12,67.5271,66.8157,-1
1078,2013-09-13,66.4143,67.5271,-1
1079,2013-09-16,64.3028,66.4143,-1
1080,2013-09-17,65.0457,64.3028,-1
1081,2013-09-18,66.3828,65.0457,-1
1082,2013-09-19,67.4714,66.3828,1
1083,2013-09-20,66.7728,67.4714,1
1084,2013-09-23,70.0914,66.7728,1
1085,2013-09-24,69.8714,70.0914,1
1086,2013-09-25,68.79,69.8714,-1
1087,2013-09-26,69.46,68.79,-1
1088,2013-09-27,68.9643,69.46,-1
1089,2013-09-30,68.1071,68.9643,-1
1090,2013-10-01,69.7086,68.1071,-1
1091,2013-10-02,69.9371,69.7086,-1
1092,2013-10-03,69.0586,69.9371,1
1093,2013-10-04,69.0043,69.0586,1
1094,2013-10-07,69.6786,69.0043,-1
1095,2013-10-08,68.7057,69.6786,-1
1096,2013-10-09,69.5126,68.7057,-1
1097,2013-10-10,69.9483,69.5126,1
1098,2013-10-11,70.4017,69.9483,1
1099,2013-10-14,70.8628,70.4017,1
1100,2013-10-15,71.24,70.8628,1
1101,2013-10-16,71.5877,71.24,1
1102,2013-10-17,72.0714,71.5877,1
1103,2013-10-18,72.6985,72.0714,1
1104,2013-10-21,74.4803,72.6985,1
1105,2013-10-22,74.2668,74.4803,1
1106,2013-10-23,74.9943,74.2668,1
1107,2013-10-24,75.9871,74.9943,1
1108,2013-10-25,75.1368,75.9871,1
1109,2013-10-28,75.6965,75.1368,1
1110,2013-10-29,73.8111,75.6965,1
1111,2013-10-30,74.9851,73.8111,-1
1112,2013-10-31,74.6717,74.9851,1
1113,2013-11-01,74.29,74.6717,-1
1114,2013-11-04,75.25,74.29,-1
1115,2013-11-05,75.0641,75.25,-1
1116,2013-11-06,74.4171,75.0641,-1
1117,2013-11-07,73.2131,74.4171,-1
1118,2013-11-08,74.3657,73.2131,-1
1119,2013-11-11,74.1497,74.3657,-1
1120,2013-11-12,74.2871,74.1497,-1
1121,2013-11-13,74.3763,74.2871,1
1122,2013-11-14,75.4514,74.3763,1
1123,2013-11-15,74.9987,75.4514,1
1124,2013-11-18,74.0898,74.9987,1
1125,2013-11-19,74.2214,74.0898,-1
1126,2013-11-20,73.5714,74.2214,-1
1127,2013-11-21,74.448,73.5714,-1
1128,2013-11-22,74.2571,74.448,1
1129,2013-11-25,74.82,74.2571,-1
1130,2013-11-26,76.2,74.82,1
1131,2013-11-27,77.9943,76.2,1
1132,2013-11-29,79.4385,77.9943,1
1133,2013-12-02,78.7471,79.4385,1
1134,2013-12-03,80.9031,78.7471,1
1135,2013-12-04,80.7143,80.9031,1
1136,2013-12-05,81.1287,80.7143,-1
1137,2013-12-06,80.0028,81.1287,1
1138,2013-12-09,80.9185,80.0028,-1
1139,2013-12-10,80.7928,80.9185,1
1140,2013-12-11,80.1943,80.7928,-1
1141,2013-12-12,80.0771,80.1943,-1
1142,2013-12-13,79.2043,80.0771,-1
1143,2013-12-16,79.6428,79.2043,-1
1144,2013-12-17,79.2843,79.6428,-1
1145,2013-12-18,78.6814,79.2843,-1
1146,2013-12-19,77.78,78.6814,-1
1147,2013-12-20,78.4314,77.78,-1
1148,2013-12-23,81.4414,78.4314,-1
1149,2013-12-24,81.0957,81.4414,1
1150,2013-12-26,80.5571,81.0957,1
1151,2013-12-27,80.0128,80.5571,-1
1152,2013-12-30,79.2171,80.0128,-1
1153,2013-12-31,80.1457,79.2171,-1
1154,2014-01-02,79.0185,80.1457,-1
1155,2014-01-03,77.2828,79.0185,-1
1156,2014-01-06,77.7043,77.2828,-1
1157,2014-01-07,77.1482,77.7043,-1
1158,2014-01-08,77.6371,77.1482,-1
1159,2014-01-09,76.6455,77.6371,1
1160,2014-01-10,76.1343,76.6455,-1
1161,2014-01-13,76.5328,76.1343,-1
1162,2014-01-14,78.0557,76.5328,-1
1163,2014-01-15,79.6228,78.0557,1
1164,2014-01-16,79.1785,79.6228,1
1165,2014-01-17,77.2385,79.1785,1
1166,2014-01-21,78.4385,77.2385,-1
1167,2014-01-22,78.7871,78.4385,-1
1168,2014-01-23,79.4543,78.7871,1
1169,2014-01-24,78.01,79.4543,1
1170,2014-01-27,78.6428,78.01,1
1171,2014-01-28,72.3571,78.6428,1
1172,2014-01-29,71.5357,72.3571,-1
1173,2014-01-30,71.3974,71.5357,-1
1174,2014-01-31,71.5143,71.3974,-1
1175,2014-02-03,71.6471,71.5143,-1
1176,2014-02-04,72.6843,71.6471,1
1177,2014-02-05,73.2271,72.6843,1
1178,2014-02-06,73.2157,73.2271,1
1179,2014-02-07,74.24,73.2157,1
1180,2014-02-10,75.57,74.24,1
1181,2014-02-11,76.5657,75.57,1
1182,2014-02-12,76.56,76.5657,1
1183,2014-02-13,77.7757,76.56,1
1184,2014-02-14,77.7128,77.7757,1
1185,2014-02-18,77.9985,77.7128,-1
1186,2014-02-19,76.7671,77.9985,1
1187,2014-02-20,75.8785,76.7671,-1
1188,2014-02-21,75.0357,75.8785,-1
1189,2014-02-24,75.3643,75.0357,-1
1190,2014-02-25,74.58,75.3643,-1
1191,2014-02-26,73.9071,74.58,-1
1192,2014-02-27,75.3814,73.9071,-1
1193,2014-02-28,75.1771,75.3814,-1
1194,2014-03-03,75.3943,75.1771,-1
1195,2014-03-04,75.8914,75.3943,1
1196,2014-03-05,76.0514,75.8914,1
1197,2014-03-06,75.8214,76.0514,1
1198,2014-03-07,75.7771,75.8214,1
1199,2014-03-10,75.8457,75.7771,-1
1200,2014-03-11,76.5843,75.8457,-1
1201,2014-03-12,76.6585,76.5843,1
1202,2014-03-13,75.8071,76.6585,1
1203,2014-03-14,74.9557,75.8071,1
1204,2014-03-17,75.2485,74.9557,-1
1205,2014-03-18,75.9143,75.2485,-1
1206,2014-03-19,75.8943,75.9143,1
1207,2014-03-20,75.5285,75.8943,1
1208,2014-03-21,76.1243,75.5285,-1
1209,2014-03-24,77.0271,76.1243,-1
1210,2014-03-25,77.8557,77.0271,1
1211,2014-03-26,77.1114,77.8557,1
1212,2014-03-27,76.78,77.1114,1
1213,2014-03-28,76.6943,76.78,-1
1214,2014-03-31,76.6771,76.6943,-1
1215,2014-04-01,77.3785,76.6771,-1
1216,2014-04-02,77.5071,77.3785,-1
1217,2014-04-03,76.97,77.5071,1
1218,2014-04-04,75.9743,76.97,1
1219,2014-04-07,74.7814,75.9743,-1
1220,2014-04-08,74.7771,74.7814,-1
1221,2014-04-09,75.76,74.7771,-1
1222,2014-04-10,74.7828,75.76,-1
1223,2014-04-11,74.23,74.7828,-1
1224,2014-04-14,74.5257,74.23,-1
1225,2014-04-15,73.9942,74.5257,-1
1226,2014-04-16,74.1443,73.9942,-1
1227,2014-04-17,74.9914,74.1443,1
1228,2014-04-21,75.8814,74.9914,1
1229,2014-04-22,75.957,75.8814,1
1230,2014-04-23,74.9643,75.957,1
1231,2014-04-24,81.11,74.9643,1
1232,2014-04-25,81.7057,81.11,1
1233,2014-04-28,84.87,81.7057,1
1234,2014-04-29,84.6185,84.87,1
1235,2014-04-30,84.2985,84.6185,1
1236,2014-05-01,84.4971,84.2985,-1
1237,2014-05-02,84.6543,84.4971,-1
1238,2014-05-05,85.8514,84.6543,1
1239,2014-05-06,84.9157,85.8514,1
1240,2014-05-07,84.6185,84.9157,1
1241,2014-05-08,83.9985,84.6185,-1
1242,2014-05-09,83.6489,83.9985,-1
1243,2014-05-12,84.69,83.6489,-1
1244,2014-05-13,84.8228,84.69,-1
1245,2014-05-14,84.8385,84.8228,1
1246,2014-05-15,84.1171,84.8385,1
1247,2014-05-16,85.3585,84.1171,1
1248,2014-05-19,86.37,85.3585,1
1249,2014-05-20,86.3871,86.37,1
1250,2014-05-21,86.6157,86.3871,1
1251,2014-05-22,86.7528,86.6157,1
1252,2014-05-23,87.7328,86.7528,1
1253,2014-05-27,89.3757,87.7328,1
1254,2014-05-28,89.1443,89.3757,1
1255,2014-05-29,90.7685,89.1443,1
1256,2014-05-30,90.4285,90.7685,1
1257,2014-06-02,89.8071,90.4285,-1
1258,2014-06-03,91.0771,89.8071,-1
1259,2014-06-04,92.1171,91.0771,-1
1260,2014-06-05,92.4785,92.1171,1
1261,2014-06-06,92.2243,92.4785,1
1262,2014-06-09,93.7,92.2243,1
1263,2014-06-10,94.25,93.7,1
1264,2014-06-11,93.86,94.25,1
1265,2014-06-12,92.29,93.86,1
1266,2014-06-13,91.28,92.29,-1
1267,2014-06-16,92.2,91.28,-1
1268,2014-06-17,92.08,92.2,-1
1269,2014-06-18,92.18,92.08,-1
1270,2014-06-19,91.86,92.18,1
1271,2014-06-20,90.91,91.86,-1
1272,2014-06-23,90.83,90.91,-1
1273,2014-06-24,90.28,90.83,-1
1274,2014-06-25,90.36,90.28,-1
1275,2014-06-26,90.9,90.36,-1
1276,2014-06-27,91.98,90.9,1
1277,2014-06-30,92.93,91.98,1
1278,2014-07-01,93.52,92.93,1
1279,2014-07-02,93.48,93.52,1
1280,2014-07-03,94.03,93.48,1
1281,2014-07-07,95.968,94.03,1
1282,2014-07-08,95.35,95.968,1
1283,2014-07-09,95.39,95.35,1
1284,2014-07-10,95.035,95.39,1
1285,2014-07-11,95.22,95.035,-1
1286,2014-07-14,96.45,95.22,1
1287,2014-07-15,95.32,96.45,1
1288,2014-07-16,94.78,95.32,1
1289,2014-07-17,93.0899,94.78,-1
1290,2014-07-18,94.43,93.0899,-1
1291,2014-07-21,93.939,94.43,-1
1292,2014-07-22,94.72,93.939,-1
1293,2014-07-23,97.19,94.72,1
1294,2014-07-24,97.03,97.19,1
1295,2014-07-25,97.671,97.03,1
1296,2014-07-28,99.02,97.671,1
1297,2014-07-29,98.38,99.02,1
1298,2014-07-30,98.15,98.38,1
1299,2014-07-31,95.6,98.15,-1
1300,2014-08-01,96.13,95.6,-1
1301,2014-08-04,95.59,96.13,-1
1302,2014-08-05,95.12,95.59,-1
1303,2014-08-06,94.96,95.12,-1
1304,2014-08-07,94.48,94.96,-1
1305,2014-08-08,94.74,94.48,-1
1306,2014-08-11,95.99,94.74,-1
1307,2014-08-12,95.97,95.99,1
1308,2014-08-13,97.24,95.97,1
1309,2014-08-14,97.5,97.24,1
1310,2014-08-15,97.98,97.5,1
1311,2014-08-18,99.16,97.98,1
1312,2014-08-19,100.53,99.16,1
1313,2014-08-20,100.57,100.53,1
1314,2014-08-21,100.58,100.57,1
1315,2014-08-22,101.32,100.58,1
1316,2014-08-25,101.54,101.32,1
1317,2014-08-26,100.889,101.54,1
1318,2014-08-27,102.13,100.889,1
1319,2014-08-28,102.25,102.13,1
1320,2014-08-29,102.5,102.25,1
1321,2014-09-02,103.3,102.5,1
1322,2014-09-03,98.94,103.3,1
1323,2014-09-04,98.12,98.94,1
1324,2014-09-05,98.97,98.12,-1
1325,2014-09-08,98.36,98.97,-1
1326,2014-09-09,97.99,98.36,-1
1327,2014-09-10,101.0,97.99,-1
1328,2014-09-11,101.43,101.0,-1
1329,2014-09-12,101.66,101.43,1
1330,2014-09-15,101.63,101.66,1
1331,2014-09-16,100.86,101.63,1
1332,2014-09-17,101.58,100.86,-1
1333,2014-09-18,101.79,101.58,-1
1334,2014-09-19,100.96,101.79,1
1335,2014-09-22,101.06,100.96,1
1336,2014-09-23,102.64,101.06,1
1337,2014-09-24,101.75,102.64,1
1338,2014-09-25,97.87,101.75,1
1339,2014-09-26,100.75,97.87,-1
1340,2014-09-29,100.11,100.75,-1
1341,2014-09-30,100.75,100.11,-1
1342,2014-10-01,99.18,100.75,1
1343,2014-10-02,99.9,99.18,-1
1344,2014-10-03,99.62,99.9,1
1345,2014-10-06,99.62,99.62,-1
1346,2014-10-07,98.75,99.62,-1
1347,2014-10-08,100.8,98.75,-1
1348,2014-10-09,101.02,100.8,-1
1349,2014-10-10,100.73,101.02,1
1350,2014-10-13,99.81,100.73,1
1351,2014-10-14,98.75,99.81,-1
1352,2014-10-15,97.54,98.75,-1
1353,2014-10-16,96.26,97.54,-1
1354,2014-10-17,97.67,96.26,-1
1355,2014-10-20,99.76,97.67,-1
1356,2014-10-21,102.47,99.76,1
1357,2014-10-22,102.99,102.47,1
1358,2014-10-23,104.83,102.99,1
1359,2014-10-24,105.22,104.83,1
1360,2014-10-27,105.11,105.22,1
1361,2014-10-28,106.74,105.11,1
1362,2014-10-29,107.34,106.74,1
1363,2014-10-30,106.98,107.34,1
1364,2014-10-31,108.0,106.98,1
1365,2014-11-03,109.4,108.0,1
1366,2014-11-04,108.6,109.4,1
1367,2014-11-05,108.86,108.6,1
1368,2014-11-06,108.7,108.86,1
1369,2014-11-07,109.01,108.7,-1
1370,2014-11-10,108.83,109.01,1
1371,2014-11-11,109.7,108.83,-1
1372,2014-11-12,111.25,109.7,1
1373,2014-11-13,112.82,111.25,1
1374,2014-11-14,114.18,112.82,1
1375,2014-11-17,113.99,114.18,1
1376,2014-11-18,115.47,113.99,1
1377,2014-11-19,114.67,115.47,1
1378,2014-11-20,116.31,114.67,-1
1379,2014-11-21,116.47,116.31,1
1380,2014-11-24,118.625,116.47,1
1381,2014-11-25,117.6,118.625,1
1382,2014-11-26,119.0,117.6,1
1383,2014-11-28,118.93,119.0,1
1384,2014-12-01,115.07,118.93,-1
1385,2014-12-02,114.63,115.07,-1
1386,2014-12-03,115.93,114.63,-1
1387,2014-12-04,115.49,115.93,-1
1388,2014-12-05,115.0,115.49,-1
1389,2014-12-08,112.4,115.0,-1
1390,2014-12-09,114.12,112.4,-1
1391,2014-12-10,111.95,114.12,-1
1392,2014-12-11,111.62,111.95,-1
1393,2014-12-12,109.73,111.62,-1
1394,2014-12-15,108.225,109.73,-1
1395,2014-12-16,106.745,108.225,-1
1396,2014-12-17,109.41,106.745,-1
1397,2014-12-18,112.65,109.41,-1
1398,2014-12-19,111.78,112.65,1
1399,2014-12-22,112.94,111.78,1
1400,2014-12-23,112.54,112.94,1
1401,2014-12-24,112.01,112.54,-1
1402,2014-12-26,113.99,112.01,-1
1403,2014-12-29,113.91,113.99,-1
1404,2014-12-30,112.52,113.91,-1
1405,2014-12-31,110.38,112.52,-1
1406,2015-01-02,109.33,110.38,-1
1407,2015-01-05,106.25,109.33,-1
1408,2015-01-06,106.26,106.25,-1
1409,2015-01-07,107.75,106.26,-1
1410,2015-01-08,111.89,107.75,1
1411,2015-01-09,112.01,111.89,1
1412,2015-01-12,109.25,112.01,1
1413,2015-01-13,110.22,109.25,1
1414,2015-01-14,109.8,110.22,1
1415,2015-01-15,106.82,109.8,-1
1416,2015-01-16,105.99,106.82,-1
1417,2015-01-20,108.72,105.99,-1
1418,2015-01-21,109.55,108.72,-1
1419,2015-01-22,112.4,109.55,1
1420,2015-01-23,112.98,112.4,1
1421,2015-01-26,113.1,112.98,1
1422,2015-01-27,109.14,113.1,1
1423,2015-01-28,115.31,109.14,1
1424,2015-01-29,118.9,115.31,1
1425,2015-01-30,117.16,118.9,1
1426,2015-02-02,118.63,117.16,1
1427,2015-02-03,118.65,118.63,1
1428,2015-02-04,119.56,118.65,1
1429,2015-02-05,119.94,119.56,1
1430,2015-02-06,118.93,119.94,1
1431,2015-02-09,119.72,118.93,1
1432,2015-02-10,122.02,119.72,1
1433,2015-02-11,124.88,122.02,1
1434,2015-02-12,126.46,124.88,1
1435,2015-02-13,127.08,126.46,1
1436,2015-02-17,127.83,127.08,1
1437,2015-02-18,128.715,127.83,1
1438,2015-02-19,128.45,128.715,1
1439,2015-02-20,129.495,128.45,1
1440,2015-02-23,133.0,129.495,1
1441,2015-02-24,132.17,133.0,1
1442,2015-02-25,128.79,132.17,1
1443,2015-02-26,130.415,128.79,-1
1444,2015-02-27,128.46,130.415,-1
1445,2015-03-02,129.09,128.46,-1
1446,2015-03-03,129.36,129.09,1
1447,2015-03-04,128.54,129.36,1
1448,2015-03-05,126.41,128.54,1
1449,2015-03-06,126.6,126.41,-1
1450,2015-03-09,127.14,126.6,-1
1451,2015-03-10,124.51,127.14,1
1452,2015-03-11,122.24,124.51,1
1453,2015-03-12,124.45,122.24,-1
1454,2015-03-13,123.59,124.45,-1
1455,2015-03-16,124.95,123.59,-1
1456,2015-03-17,127.04,124.95,1
1457,2015-03-18,128.47,127.04,1
1458,2015-03-19,127.495,128.47,1
1459,2015-03-20,125.9,127.495,1
1460,2015-03-23,127.21,125.9,-1
1461,2015-03-24,126.69,127.21,-1
1462,2015-03-25,123.38,126.69,-1
1463,2015-03-26,124.24,123.38,-1
1464,2015-03-27,123.25,124.24,-1
1465,2015-03-30,126.37,123.25,-1
1466,2015-03-31,124.43,126.37,1
1467,2015-04-01,124.25,124.43,-1
1468,2015-04-02,125.32,124.25,-1
1469,2015-04-06,127.35,125.32,-1
1470,2015-04-07,126.01,127.35,1
1471,2015-04-08,125.6,126.01,1
1472,2015-04-09,126.56,125.6,-1
1473,2015-04-10,127.1,126.56,-1
1474,2015-04-13,126.85,127.1,1
1475,2015-04-14,126.3,126.85,1
1476,2015-04-15,126.78,126.3,-1
1477,2015-04-16,126.17,126.78,-1
1478,2015-04-17,124.75,126.17,-1
1479,2015-04-20,127.6,124.75,-1
1480,2015-04-21,126.91,127.6,-1
1481,2015-04-22,128.62,126.91,-1
1482,2015-04-23,129.67,128.62,1
1483,2015-04-24,130.28,129.67,1
1484,2015-04-27,132.65,130.28,1
1485,2015-04-28,130.56,132.65,1
1486,2015-04-29,128.64,130.56,1
1487,2015-04-30,125.15,128.64,-1
1488,2015-05-01,128.95,125.15,-1
1489,2015-05-04,128.7,128.95,-1
1490,2015-05-05,125.8,128.7,-1
1491,2015-05-06,125.01,125.8,-1
1492,2015-05-07,125.26,125.01,-1
1493,2015-05-08,127.62,125.26,-1
1494,2015-05-11,126.32,127.62,1
1495,2015-05-12,125.865,126.32,1
1496,2015-05-13,126.01,125.865,-1
1497,2015-05-14,128.95,126.01,-1
1498,2015-05-15,128.77,128.95,1
1499,2015-05-18,130.19,128.77,1
1500,2015-05-19,130.07,130.19,1
1501,2015-05-20,130.06,130.07,-1
1502,2015-05-21,131.39,130.06,-1
1503,2015-05-22,132.54,131.39,-1
1504,2015-05-26,129.62,132.54,1
1505,2015-05-27,132.045,129.62,1
1506,2015-05-28,131.78,132.045,1
1507,2015-05-29,130.28,131.78,-1
1508,2015-06-01,130.535,130.28,-1
1509,2015-06-02,129.96,130.535,-1
1510,2015-06-03,130.12,129.96,-1
1511,2015-06-04,129.36,130.12,1
1512,2015-06-05,128.65,129.36,-1
1513,2015-06-08,127.8,128.65,-1
1514,2015-06-09,127.42,127.8,-1
1515,2015-06-10,128.88,127.42,-1
1516,2015-06-11,128.59,128.88,-1
1517,2015-06-12,127.17,128.59,-1
1518,2015-06-15,126.92,127.17,-1
1519,2015-06-16,127.6,126.92,-1
1520,2015-06-17,127.3,127.6,-1
1521,2015-06-18,127.88,127.3,-1
1522,2015-06-19,126.6,127.88,1
1523,2015-06-22,127.61,126.6,-1
1524,2015-06-23,127.03,127.61,1
1525,2015-06-24,128.11,127.03,-1
1526,2015-06-25,127.5,128.11,1
1527,2015-06-26,126.75,127.5,-1
1528,2015-06-29,124.53,126.75,-1
1529,2015-06-30,125.425,124.53,-1
1530,2015-07-01,126.6,125.425,-1
1531,2015-07-02,126.44,126.6,1
1532,2015-07-06,126.0,126.44,1
1533,2015-07-07,125.69,126.0,-1
1534,2015-07-08,122.57,125.69,-1
1535,2015-07-09,120.07,122.57,-1
1536,2015-07-10,123.28,120.07,-1
1537,2015-07-13,125.66,123.28,-1
1538,2015-07-14,125.61,125.66,1
1539,2015-07-15,126.82,125.61,1
1540,2015-07-16,128.51,126.82,1
1541,2015-07-17,129.62,128.51,1
1542,2015-07-20,132.07,129.62,1
1543,2015-07-21,130.75,132.07,1
1544,2015-07-22,125.22,130.75,1
1545,2015-07-23,125.16,125.22,-1
1546,2015-07-24,124.5,125.16,-1
1547,2015-07-27,122.77,124.5,-1
1548,2015-07-28,123.38,122.77,-1
1549,2015-07-29,122.99,123.38,-1
1550,2015-07-30,122.37,122.99,-1
1551,2015-07-31,121.3,122.37,-1
1552,2015-08-03,118.44,121.3,-1
1553,2015-08-04,114.64,118.44,-1
1554,2015-08-05,115.4,114.64,-1
1555,2015-08-06,115.13,115.4,-1
1556,2015-08-07,115.52,115.13,-1
1557,2015-08-10,119.72,115.52,1
1558,2015-08-11,113.49,119.72,1
1559,2015-08-12,115.24,113.49,1
1560,2015-08-13,115.15,115.24,1
1561,2015-08-14,115.96,115.15,-1
1562,2015-08-17,117.16,115.96,1
1563,2015-08-18,116.5,117.16,1
1564,2015-08-19,115.01,116.5,1
1565,2015-08-20,112.65,115.01,-1
1566,2015-08-21,105.76,112.65,-1
1567,2015-08-24,103.12,105.76,-1
1568,2015-08-25,103.74,103.12,-1
1569,2015-08-26,109.69,103.74,-1
1570,2015-08-27,112.92,109.69,1
1571,2015-08-28,113.29,112.92,1
1572,2015-08-31,112.76,113.29,1
1573,2015-09-01,107.72,112.76,1
1574,2015-09-02,112.34,107.72,-1
1575,2015-09-03,110.37,112.34,-1
1576,2015-09-04,109.27,110.37,-1
1577,2015-09-08,112.31,109.27,-1
1578,2015-09-09,110.15,112.31,-1
1579,2015-09-10,112.57,110.15,-1
1580,2015-09-11,114.21,112.57,1
1581,2015-09-14,115.31,114.21,1
1582,2015-09-15,116.28,115.31,1
1583,2015-09-16,116.41,116.28,1
1584,2015-09-17,113.92,116.41,1
1585,2015-09-18,113.45,113.92,1
1586,2015-09-21,115.21,113.45,-1
1587,2015-09-22,113.4,115.21,-1
1588,2015-09-23,114.32,113.4,-1
1589,2015-09-24,115.0,114.32,1
1590,2015-09-25,114.71,115.0,1
1591,2015-09-28,112.44,114.71,1
1592,2015-09-29,109.06,112.44,-1
1593,2015-09-30,110.3,109.06,-1
1594,2015-10-01,109.58,110.3,-1
1595,2015-10-02,110.38,109.58,-1
1596,2015-10-05,110.78,110.38,1
1597,2015-10-06,111.31,110.78,1
1598,2015-10-07,110.78,111.31,1
1599,2015-10-08,109.5,110.78,1
1600,2015-10-09,112.12,109.5,-1
1601,2015-10-12,111.6,112.12,-1
1602,2015-10-13,111.79,111.6,-1
1603,2015-10-14,110.21,111.79,1
1604,2015-10-15,111.86,110.21,-1
1605,2015-10-16,111.04,111.86,1
1606,2015-10-19,111.73,111.04,-1
1607,2015-10-20,113.77,111.73,1
1608,2015-10-21,113.76,113.77,1
1609,2015-10-22,115.5,113.76,1
1610,2015-10-23,119.08,115.5,1
1611,2015-10-26,115.28,119.08,1
1612,2015-10-27,114.55,115.28,1
1613,2015-10-28,119.27,114.55,-1
1614,2015-10-29,120.53,119.27,-1
1615,2015-10-30,119.5,120.53,1
1616,2015-11-02,121.18,119.5,1
1617,2015-11-03,122.57,121.18,1
1618,2015-11-04,122.0,122.57,1
1619,2015-11-05,120.92,122.0,1
1620,2015-11-06,121.06,120.92,-1
1621,2015-11-09,120.57,121.06,-1
1622,2015-11-10,116.77,120.57,-1
1623,2015-11-11,116.11,116.77,-1
1624,2015-11-12,115.72,116.11,-1
1625,2015-11-13,112.34,115.72,-1
1626,2015-11-16,114.175,112.34,-1
1627,2015-11-17,113.69,114.175,-1
1628,2015-11-18,117.29,113.69,-1
1629,2015-11-19,118.78,117.29,1
1630,2015-11-20,119.3,118.78,1
1631,2015-11-23,117.75,119.3,1
1632,2015-11-24,118.88,117.75,1
1633,2015-11-25,118.03,118.88,1
1634,2015-11-27,117.81,118.03,-1
1635,2015-11-30,118.3,117.81,-1
1636,2015-12-01,117.34,118.3,-1
1637,2015-12-02,116.28,117.34,-1
1638,2015-12-03,115.2,116.28,-1
1639,2015-12-04,119.03,115.2,-1
1640,2015-12-07,118.28,119.03,-1
1641,2015-12-08,118.23,118.28,-1
1642,2015-12-09,115.62,118.23,-1
1643,2015-12-10,116.17,115.62,-1
1644,2015-12-11,113.18,116.17,-1
1645,2015-12-14,112.48,113.18,-1
1646,2015-12-15,110.49,112.48,-1
1647,2015-12-16,111.34,110.49,-1
1648,2015-12-17,108.98,111.34,-1
1649,2015-12-18,106.03,108.98,-1
1650,2015-12-21,107.33,106.03,-1
1651,2015-12-22,107.23,107.33,-1
1652,2015-12-23,108.61,107.23,-1
1653,2015-12-24,108.03,108.61,1
1654,2015-12-28,106.82,108.03,-1
1655,2015-12-29,108.74,106.82,-1
1656,2015-12-30,107.32,108.74,-1
1657,2015-12-31,105.26,107.32,-1
1658,2016-01-04,105.35,105.26,-1
1659,2016-01-05,102.71,105.35,-1
1660,2016-01-06,100.7,102.71,-1
1661,2016-01-07,96.45,100.7,-1
1662,2016-01-08,96.96,96.45,-1
1663,2016-01-11,98.53,96.96,-1
1664,2016-01-12,99.96,98.53,1
1665,2016-01-13,97.39,99.96,1
1666,2016-01-14,99.52,97.39,1
1667,2016-01-15,97.13,99.52,1
1668,2016-01-19,96.66,97.13,-1
1669,2016-01-20,96.79,96.66,-1
1670,2016-01-21,96.3,96.79,-1
1671,2016-01-22,101.42,96.3,-1
1672,2016-01-25,99.44,101.42,1
1673,2016-01-26,99.99,99.44,-1
1674,2016-01-27,93.42,99.99,1
1675,2016-01-28,94.09,93.42,-1
1676,2016-01-29,97.34,94.09,1
1677,2016-02-01,96.43,97.34,1
1678,2016-02-02,94.48,96.43,1
1679,2016-02-03,96.35,94.48,-1
1680,2016-02-04,96.6,96.35,-1
1681,2016-02-05,94.02,96.6,1
1682,2016-02-08,95.01,94.02,1
1683,2016-02-09,94.99,95.01,1
1684,2016-02-10,94.27,94.99,-1
1685,2016-02-11,93.7,94.27,-1
1686,2016-02-12,93.99,93.7,-1
1687,2016-02-16,96.64,93.99,-1
1688,2016-02-17,98.12,96.64,1
1689,2016-02-18,96.26,98.12,1
1690,2016-02-19,96.04,96.26,1
1691,2016-02-22,96.88,96.04,-1
1692,2016-02-23,94.69,96.88,-1
1693,2016-02-24,96.1,94.69,-1
1694,2016-02-25,96.76,96.1,1
1695,2016-02-26,96.91,96.76,1
1696,2016-02-29,96.69,96.91,1
1697,2016-03-01,100.53,96.69,1
1698,2016-03-02,100.75,100.53,1
1699,2016-03-03,101.5,100.75,1
1700,2016-03-04,103.01,101.5,1
1701,2016-03-07,101.87,103.01,1
1702,2016-03-08,101.03,101.87,1
1703,2016-03-09,101.12,101.03,-1
1704,2016-03-10,101.17,101.12,-1
1705,2016-03-11,102.26,101.17,1
1706,2016-03-14,102.52,102.26,1
1707,2016-03-15,104.58,102.52,1
1708,2016-03-16,105.97,104.58,1
1709,2016-03-17,105.8,105.97,1
1710,2016-03-18,105.92,105.8,1
1711,2016-03-21,105.91,105.92,1
1712,2016-03-22,106.72,105.91,-1
1713,2016-03-23,106.13,106.72,1
1714,2016-03-24,105.67,106.13,-1
1715,2016-03-28,105.19,105.67,-1
1716,2016-03-29,107.68,105.19,-1
1717,2016-03-30,109.56,107.68,-1
1718,2016-03-31,108.99,109.56,1
1719,2016-04-01,109.99,108.99,1
1720,2016-04-04,111.12,109.99,1
1721,2016-04-05,109.81,111.12,1
1722,2016-04-06,110.96,109.81,1
1723,2016-04-07,108.54,110.96,1
1724,2016-04-08,108.66,108.54,-1
1725,2016-04-11,109.02,108.66,1
1726,2016-04-12,110.44,109.02,1
1727,2016-04-13,112.04,110.44,1
1728,2016-04-14,112.1,112.04,1
1729,2016-04-15,109.85,112.1,1
1730,2016-04-18,107.48,109.85,1
1731,2016-04-19,106.91,107.48,-1
1732,2016-04-20,107.13,106.91,-1
1733,2016-04-21,105.97,107.13,-1
1734,2016-04-22,105.68,105.97,-1
1735,2016-04-25,105.08,105.68,-1
1736,2016-04-26,104.35,105.08,-1
1737,2016-04-27,97.82,104.35,-1
1738,2016-04-28,94.83,97.82,-1
1739,2016-04-29,93.74,94.83,-1
1740,2016-05-02,93.64,93.74,-1
1741,2016-05-03,95.18,93.64,-1
1742,2016-05-04,94.19,95.18,-1
1743,2016-05-05,93.24,94.19,-1
1744,2016-05-06,92.72,93.24,-1
1745,2016-05-09,92.79,92.72,-1
1746,2016-05-10,93.42,92.79,-1
1747,2016-05-11,92.51,93.42,1
1748,2016-05-12,90.34,92.51,1
1749,2016-05-13,90.52,90.34,-1
1750,2016-05-16,93.88,90.52,-1
1751,2016-05-17,93.49,93.88,1
1752,2016-05-18,94.56,93.49,1
1753,2016-05-19,94.2,94.56,1
1754,2016-05-20,95.22,94.2,-1
1755,2016-05-23,96.43,95.22,1
1756,2016-05-24,97.9,96.43,1
1757,2016-05-25,99.62,97.9,1
1758,2016-05-26,100.41,99.62,1
1759,2016-05-27,100.35,100.41,1
1760,2016-05-31,99.86,100.35,1
1761,2016-06-01,98.46,99.86,-1
1762,2016-06-02,97.72,98.46,-1
1763,2016-06-03,97.92,97.72,-1
1764,2016-06-06,98.63,97.92,-1
1765,2016-06-07,99.03,98.63,1
1766,2016-06-08,98.94,99.03,1
1767,2016-06-09,99.65,98.94,1
1768,2016-06-10,98.83,99.65,1
1769,2016-06-13,97.34,98.83,-1
1770,2016-06-14,97.46,97.34,-1
1771,2016-06-15,97.14,97.46,-1
1772,2016-06-16,97.55,97.14,-1
1773,2016-06-17,95.33,97.55,1
1774,2016-06-20,95.1,95.33,-1
1775,2016-06-21,95.91,95.1,-1
1776,2016-06-22,95.55,95.91,-1
1777,2016-06-23,96.1,95.55,-1
1778,2016-06-24,93.4,96.1,1
1779,2016-06-27,92.04,93.4,-1
1780,2016-06-28,93.59,92.04,-1
1781,2016-06-29,94.4,93.59,-1
1782,2016-06-30,95.6,94.4,1
1783,2016-07-01,95.89,95.6,1
1784,2016-07-05,94.99,95.89,1
1785,2016-07-06,95.53,94.99,1
1786,2016-07-07,95.94,95.53,1
1787,2016-07-08,96.68,95.94,1
1788,2016-07-11,96.98,96.68,1
1789,2016-07-12,97.42,96.98,1
1790,2016-07-13,96.87,97.42,1
1791,2016-07-14,98.79,96.87,1
1792,2016-07-15,98.78,98.79,1
1793,2016-07-18,99.83,98.78,-1
1794,2016-07-19,99.87,99.83,1
1795,2016-07-20,99.96,99.87,1
1796,2016-07-21,99.43,99.96,1
1797,2016-07-22,98.66,99.43,1
1798,2016-07-25,97.34,98.66,-1
1799,2016-07-26,96.67,97.34,-1
1800,2016-07-27,102.95,96.67,-1
1801,2016-07-28,104.34,102.95,-1
1802,2016-07-29,104.21,104.34,1
1803,2016-08-01,106.05,104.21,1
1804,2016-08-02,104.48,106.05,1
1805,2016-08-03,105.79,104.48,-1
1806,2016-08-04,105.87,105.79,1
1807,2016-08-05,107.48,105.87,1
1808,2016-08-08,108.37,107.48,1
1809,2016-08-09,108.81,108.37,1
1810,2016-08-10,108.0,108.81,1
1811,2016-08-11,107.93,108.0,1
1812,2016-08-12,108.18,107.93,-1
1813,2016-08-15,109.48,108.18,-1
1814,2016-08-16,109.38,109.48,1
1815,2016-08-17,109.22,109.38,1
1816,2016-08-18,109.08,109.22,-1
1817,2016-08-19,109.36,109.08,-1
1818,2016-08-22,108.51,109.36,-1
1819,2016-08-23,108.85,108.51,-1
1820,2016-08-24,108.03,108.85,1
1821,2016-08-25,107.57,108.03,-1
1822,2016-08-26,106.94,107.57,-1
1823,2016-08-29,106.82,106.94,-1
1824,2016-08-30,106.0,106.82,-1
1825,2016-08-31,106.1,106.0,-1
1826,2016-09-01,106.73,106.1,-1
1827,2016-09-02,107.73,106.73,1
1828,2016-09-06,107.7,107.73,1
1829,2016-09-07,108.36,107.7,1
1830,2016-09-08,105.52,108.36,1
1831,2016-09-09,103.13,105.52,-1
1832,2016-09-12,105.44,103.13,-1
1833,2016-09-13,107.95,105.44,-1
1834,2016-09-14,111.77,107.95,1
1835,2016-09-15,115.57,111.77,1
1836,2016-09-16,114.92,115.57,1
1837,2016-09-19,113.58,114.92,1
1838,2016-09-20,113.57,113.58,-1
1839,2016-09-21,113.55,113.57,-1
1840,2016-09-22,114.62,113.55,-1
1841,2016-09-23,112.71,114.62,-1
1842,2016-09-26,112.88,112.71,-1
1843,2016-09-27,113.09,112.88,1
1844,2016-09-28,113.95,113.09,1
1845,2016-09-29,112.18,113.95,1
1846,2016-09-30,113.05,112.18,1
1847,2016-10-03,112.52,113.05,1
1848,2016-10-04,113.0,112.52,-1
1849,2016-10-05,113.05,113.0,1
1850,2016-10-06,113.89,113.05,1
1851,2016-10-07,114.06,113.89,1
1852,2016-10-10,116.05,114.06,1
1853,2016-10-11,116.3,116.05,1
1854,2016-10-12,117.34,116.3,1
1855,2016-10-13,116.98,117.34,1
1856,2016-10-14,117.63,116.98,1
1857,2016-10-17,117.55,117.63,1
1858,2016-10-18,117.47,117.55,-1
1859,2016-10-19,117.12,117.47,-1
1860,2016-10-20,117.06,117.12,-1
1861,2016-10-21,116.6,117.06,-1
1862,2016-10-24,117.65,116.6,-1
1863,2016-10-25,118.25,117.65,-1
1864,2016-10-26,115.59,118.25,1
1865,2016-10-27,114.48,115.59,1
1866,2016-10-28,113.72,114.48,-1
1867,2016-10-31,113.54,113.72,-1
1868,2016-11-01,111.49,113.54,-1
1869,2016-11-02,111.59,111.49,-1
1870,2016-11-03,109.83,111.59,-1
1871,2016-11-04,108.84,109.83,-1
1872,2016-11-07,110.41,108.84,-1
1873,2016-11-08,111.06,110.41,-1
1874,2016-11-09,110.88,111.06,1
1875,2016-11-10,107.79,110.88,1
1876,2016-11-11,108.43,107.79,-1
1877,2016-11-14,105.71,108.43,-1
1878,2016-11-15,107.11,105.71,-1
1879,2016-11-16,109.99,107.11,1
1880,2016-11-17,109.95,109.99,1
1881,2016-11-18,110.06,109.95,1
1882,2016-11-21,111.73,110.06,1
1883,2016-11-22,111.8,111.73,1
1884,2016-11-23,111.23,111.8,1
1885,2016-11-25,111.79,111.23,1
1886,2016-11-28,111.57,111.79,1
1887,2016-11-29,111.46,111.57,-1
1888,2016-11-30,110.52,111.46,-1
1889,2016-12-01,109.49,110.52,-1
1890,2016-12-02,109.9,109.49,-1
1891,2016-12-05,109.11,109.9,-1
1892,2016-12-06,109.95,109.11,-1
1893,2016-12-07,111.03,109.95,1
1894,2016-12-08,112.12,111.03,1
1895,2016-12-09,113.95,112.12,1
1896,2016-12-12,113.3,113.95,1
1897,2016-12-13,115.19,113.3,1
1898,2016-12-14,115.19,115.19,1
1899,2016-12-15,115.82,115.19,-1
1900,2016-12-16,115.97,115.82,1
1901,2016-12-19,116.64,115.97,1
1902,2016-12-20,116.95,116.64,1
1903,2016-12-21,117.06,116.95,1
1904,2016-12-22,116.29,117.06,1
1905,2016-12-23,116.52,116.29,1
1906,2016-12-27,117.26,116.52,1
1907,2016-12-28,116.76,117.26,1
1908,2016-12-29,116.73,116.76,1
1909,2016-12-30,115.82,116.73,-1
1910,2017-01-03,116.15,115.82,-1
1911,2017-01-04,116.02,116.15,-1
1912,2017-01-05,116.61,116.02,-1
1913,2017-01-06,117.91,116.61,1
1914,2017-01-09,118.99,117.91,1
1915,2017-01-10,119.11,118.99,1
1916,2017-01-11,119.75,119.11,1
1917,2017-01-12,119.25,119.75,1
1918,2017-01-13,119.04,119.25,1
1919,2017-01-17,120.0,119.04,-1
1920,2017-01-18,119.99,120.0,-1
1921,2017-01-19,119.78,119.99,-1
1922,2017-01-20,120.0,119.78,-1
1923,2017-01-23,120.08,120.0,-1
1924,2017-01-24,119.97,120.08,1
1925,2017-01-25,121.88,119.97,1
1926,2017-01-26,121.94,121.88,1
1927,2017-01-27,121.95,121.94,1
1928,2017-01-30,121.63,121.95,1
1929,2017-01-31,121.35,121.63,1
1930,2017-02-01,128.75,121.35,-1
1931,2017-02-02,128.53,128.75,-1
1932,2017-02-03,129.08,128.53,-1
1933,2017-02-06,130.29,129.08,1
1934,2017-02-07,131.53,130.29,1
1935,2017-02-08,132.04,131.53,1
1936,2017-02-09,132.42,132.04,1
1937,2017-02-10,132.12,132.42,1
1938,2017-02-13,133.29,132.12,1
1939,2017-02-14,135.02,133.29,1
1940,2017-02-15,135.51,135.02,1
1941,2017-02-16,135.345,135.51,1
1942,2017-02-17,135.72,135.345,1
1943,2017-02-21,136.7,135.72,1
1944,2017-02-22,137.11,136.7,1
1945,2017-02-23,136.53,137.11,1
1946,2017-02-24,136.66,136.53,1
1947,2017-02-27,136.93,136.66,1
1948,2017-02-28,136.99,136.93,1
1949,2017-03-01,139.79,136.99,1
1950,2017-03-02,138.96,139.79,1
1951,2017-03-03,139.78,138.96,1
1952,2017-03-06,139.34,139.78,1
1953,2017-03-07,139.52,139.34,-1
1954,2017-03-08,139.0,139.52,1
1955,2017-03-09,138.68,139.0,-1
1956,2017-03-10,139.14,138.68,-1
1957,2017-03-13,139.2,139.14,-1
1958,2017-03-14,138.99,139.2,1
1959,2017-03-15,140.46,138.99,1
1960,2017-03-16,140.69,140.46,1
1961,2017-03-17,139.99,140.69,1
1962,2017-03-20,141.46,139.99,1
1963,2017-03-21,139.84,141.46,1
1964,2017-03-22,141.42,139.84,-1
1965,2017-03-23,140.92,141.42,1
1966,2017-03-24,140.64,140.92,-1
1967,2017-03-27,140.88,140.64,-1
1968,2017-03-28,143.8,140.88,-1
1969,2017-03-29,144.12,143.8,1
1970,2017-03-30,143.93,144.12,1
1971,2017-03-31,143.66,143.93,1
1972,2017-04-03,143.7,143.66,-1
1973,2017-04-04,144.77,143.7,-1
1974,2017-04-05,144.02,144.77,1
1975,2017-04-06,143.66,144.02,1
1976,2017-04-07,143.34,143.66,-1
1977,2017-04-10,143.17,143.34,-1
1978,2017-04-11,141.63,143.17,-1
1979,2017-04-12,141.8,141.63,-1
1980,2017-04-13,141.05,141.8,-1
1981,2017-04-17,141.83,141.05,-1
1982,2017-04-18,141.2,141.83,1
1983,2017-04-19,140.68,141.2,-1
1984,2017-04-20,142.44,140.68,-1
1985,2017-04-21,142.27,142.44,-1
1986,2017-04-24,143.64,142.27,-1
1987,2017-04-25,144.53,143.64,1
1988,2017-04-26,143.68,144.53,1
1989,2017-04-27,143.79,143.68,1
1990,2017-04-28,143.65,143.79,1
1991,2017-05-01,146.58,143.65,-1
1992,2017-05-02,147.51,146.58,1
1993,2017-05-03,147.06,147.51,1
1994,2017-05-04,146.53,147.06,1
1995,2017-05-05,148.96,146.53,-1
1996,2017-05-08,153.01,148.96,-1
1997,2017-05-09,153.99,153.01,1
1998,2017-05-10,153.26,153.99,1
1999,2017-05-11,153.95,153.26,1
2000,2017-05-12,156.1,153.95,1
2001,2017-05-15,155.7,156.1,1
2002,2017-05-16,155.47,155.7,1
2003,2017-05-17,150.25,155.47,-1
2004,2017-05-18,152.54,150.25,-1
2005,2017-05-19,153.06,152.54,-1
2006,2017-05-22,153.99,153.06,1
2007,2017-05-23,153.8,153.99,1
2008,2017-05-24,153.34,153.8,1
2009,2017-05-25,153.87,153.34,-1
2010,2017-05-26,153.61,153.87,-1
2011,2017-05-30,153.67,153.61,-1
2012,2017-05-31,152.76,153.67,1
2013,2017-06-01,153.18,152.76,-1
2014,2017-06-02,155.45,153.18,1
2015,2017-06-05,153.93,155.45,1
2016,2017-06-06,154.45,153.93,1
2017,2017-06-07,155.37,154.45,1
2018,2017-06-08,154.99,155.37,1
2019,2017-06-09,148.98,154.99,1
2020,2017-06-12,145.42,148.98,-1
2021,2017-06-13,146.59,145.42,-1
2022,2017-06-14,145.16,146.59,-1
2023,2017-06-15,144.29,145.16,-1
2024,2017-06-16,142.27,144.29,-1
2025,2017-06-19,146.34,142.27,-1
2026,2017-06-20,145.01,146.34,-1
2027,2017-06-21,145.87,145.01,-1
2028,2017-06-22,145.63,145.87,1
2029,2017-06-23,146.28,145.63,-1
2030,2017-06-26,145.82,146.28,1
2031,2017-06-27,143.73,145.82,-1
2032,2017-06-28,145.83,143.73,-1
2033,2017-06-29,143.68,145.83,-1
2034,2017-06-30,144.02,143.68,-1
2035,2017-07-03,143.5,144.02,1
2036,2017-07-05,144.09,143.5,-1
2037,2017-07-06,142.73,144.09,1
2038,2017-07-07,144.18,142.73,-1
2039,2017-07-10,145.06,144.18,1
2040,2017-07-11,145.53,145.06,1
2041,2017-07-12,145.74,145.53,1
2042,2017-07-13,147.77,145.74,1
2043,2017-07-14,149.04,147.77,1
2044,2017-07-17,149.56,149.04,1
2045,2017-07-18,150.08,149.56,1
2046,2017-07-19,151.02,150.08,1
2047,2017-07-20,150.34,151.02,1
2048,2017-07-21,150.27,150.34,1
2049,2017-07-24,152.09,150.27,-1
2050,2017-07-25,152.74,152.09,-1
2051,2017-07-26,153.46,152.74,1
2052,2017-07-27,150.56,153.46,1
2053,2017-07-28,149.5,150.56,1
2054,2017-07-31,148.73,149.5,-1
2055,2017-08-01,150.05,148.73,-1
2056,2017-08-02,157.14,150.05,-1
2057,2017-08-03,155.57,157.14,1
2058,2017-08-04,156.39,155.57,1
2059,2017-08-07,158.81,156.39,1
2060,2017-08-08,160.08,158.81,1
2061,2017-08-09,161.06,160.08,1
2062,2017-08-10,155.32,161.06,1
2063,2017-08-11,157.48,155.32,1
2064,2017-08-14,159.85,157.48,1
2065,2017-08-15,161.6,159.85,1
2066,2017-08-16,160.95,161.6,1
2067,2017-08-17,157.86,160.95,1
2068,2017-08-18,157.5,157.86,-1
2069,2017-08-21,157.21,157.5,-1
2070,2017-08-22,159.78,157.21,-1
2071,2017-08-23,159.98,159.78,-1
2072,2017-08-24,159.27,159.98,1
2073,2017-08-25,159.86,159.27,1
2074,2017-08-28,161.47,159.86,1
2075,2017-08-29,162.91,161.47,1
2076,2017-08-30,163.35,162.91,1
2077,2017-08-31,164.0,163.35,1
2078,2017-09-01,164.05,164.0,1
2079,2017-09-05,162.08,164.05,1
2080,2017-09-06,161.91,162.08,1
2081,2017-09-07,161.26,161.91,-1
2082,2017-09-08,158.63,161.26,-1
2083,2017-09-11,161.5,158.63,-1
2084,2017-09-12,160.86,161.5,-1
2085,2017-09-13,159.65,160.86,-1
2086,2017-09-14,158.28,159.65,-1
2087,2017-09-15,159.88,158.28,-1
2088,2017-09-18,158.67,159.88,-1
2089,2017-09-19,158.73,158.67,-1
2090,2017-09-20,156.07,158.73,1
2091,2017-09-21,153.39,156.07,-1
2092,2017-09-22,151.89,153.39,-1
2093,2017-09-25,150.55,151.89,-1
2094,2017-09-26,153.14,150.55,-1
2095,2017-09-27,154.23,153.14,-1
2096,2017-09-28,153.28,154.23,1
2097,2017-09-29,154.12,153.28,1
2098,2017-10-02,153.81,154.12,1
2099,2017-10-03,154.48,153.81,-1
2100,2017-10-04,153.48,154.48,1
2101,2017-10-05,155.39,153.48,-1
2102,2017-10-06,155.3,155.39,1
2103,2017-10-09,155.84,155.3,-1
2104,2017-10-10,155.9,155.84,1
2105,2017-10-11,156.55,155.9,1
2106,2017-10-12,156.0,156.55,1
2107,2017-10-13,156.99,156.0,1
2108,2017-10-16,159.88,156.99,1
2109,2017-10-17,160.47,159.88,1
2110,2017-10-18,159.76,160.47,1
2111,2017-10-19,155.98,159.76,1
2112,2017-10-20,156.25,155.98,-1
2113,2017-10-23,156.17,156.25,-1
2114,2017-10-24,157.1,156.17,-1
2115,2017-10-25,156.41,157.1,1
2116,2017-10-26,157.41,156.41,-1
2117,2017-10-27,163.05,157.41,1
2118,2017-10-30,166.72,163.05,1
2119,2017-10-31,169.04,166.72,1
2120,2017-11-01,166.89,169.04,1
2121,2017-11-02,168.11,166.89,1
2122,2017-11-03,172.5,168.11,1
2123,2017-11-06,174.25,172.5,1
2124,2017-11-07,174.81,174.25,1
2125,2017-11-08,176.24,174.81,1
2126,2017-11-09,175.88,176.24,1
2127,2017-11-10,174.67,175.88,1
2128,2017-11-13,173.97,174.67,-1
2129,2017-11-14,171.34,173.97,-1
2130,2017-11-15,169.08,171.34,-1
2131,2017-11-16,171.1,169.08,-1
2132,2017-11-17,170.15,171.1,-1
2133,2017-11-20,169.98,170.15,-1
2134,2017-11-21,173.14,169.98,-1
2135,2017-11-22,174.96,173.14,-1
2136,2017-11-24,174.97,174.96,1
2137,2017-11-27,174.09,174.97,1
2138,2017-11-28,173.07,174.09,1
2139,2017-11-29,169.48,173.07,-1
2140,2017-11-30,171.85,169.48,-1
2141,2017-12-01,171.05,171.85,-1
2142,2017-12-04,169.8,171.05,-1
2143,2017-12-05,169.64,169.8,-1
2144,2017-12-06,169.01,169.64,-1
2145,2017-12-07,169.32,169.01,-1
2146,2017-12-08,169.37,169.32,-1
2147,2017-12-11,172.67,169.37,1
2148,2017-12-12,171.7,172.67,1
2149,2017-12-13,172.27,171.7,1
2150,2017-12-14,172.22,172.27,1
2151,2017-12-15,173.97,172.22,-1
2152,2017-12-18,176.42,173.97,1
2153,2017-12-19,174.54,176.42,1
2154,2017-12-20,174.35,174.54,1
2155,2017-12-21,175.01,174.35,-1
2156,2017-12-22,175.01,175.01,-1
2157,2017-12-26,170.57,175.01,-1
2158,2017-12-27,170.6,170.57,-1
2159,2017-12-28,171.08,170.6,-1
2160,2017-12-29,169.23,171.08,1
2161,2018-01-02,172.26,169.23,1
2162,2018-01-03,172.23,172.26,1
2163,2018-01-04,173.03,172.23,-1
2164,2018-01-05,175.0,173.03,1
2165,2018-01-08,174.35,175.0,1
2166,2018-01-09,174.33,174.35,1
2167,2018-01-10,174.29,174.33,-1
2168,2018-01-11,175.28,174.29,-1
2169,2018-01-12,177.09,175.28,-1
2170,2018-01-16,176.19,177.09,1
2171,2018-01-17,179.1,176.19,1
2172,2018-01-18,179.26,179.1,1
2173,2018-01-19,178.46,179.26,1
2174,2018-01-22,177.0,178.46,1
2175,2018-01-23,177.04,177.0,-1
2176,2018-01-24,174.22,177.04,-1
2177,2018-01-25,171.11,174.22,-1
2178,2018-01-26,171.51,171.11,-1
2179,2018-01-29,167.96,171.51,-1
2180,2018-01-30,166.97,167.96,-1
2181,2018-01-31,167.43,166.97,-1
2182,2018-02-01,167.78,167.43,-1
2183,2018-02-02,160.5,167.78,1
2184,2018-02-05,156.49,160.5,1
2185,2018-02-06,163.03,156.49,-1
2186,2018-02-07,159.54,163.03,-1
2187,2018-02-08,155.15,159.54,-1
2188,2018-02-09,156.41,155.15,-1
2189,2018-02-12,162.71,156.41,-1
2190,2018-02-13,164.34,162.71,1
2191,2018-02-14,167.37,164.34,1
2192,2018-02-15,172.99,167.37,1
2193,2018-02-16,172.43,172.99,1
2194,2018-02-20,171.85,172.43,1
2195,2018-02-21,171.07,171.85,-1
2196,2018-02-22,172.5,171.07,-1
2197,2018-02-23,175.5,172.5,-1
2198,2018-02-26,178.97,175.5,1
2199,2018-02-27,178.39,178.97,1
2200,2018-02-28,178.12,178.39,1
2201,2018-03-01,175.0,178.12,-1
2202,2018-03-02,176.21,175.0,-1
2203,2018-03-05,176.82,176.21,-1
2204,2018-03-06,176.67,176.82,1
2205,2018-03-07,175.03,176.67,1
2206,2018-03-08,176.94,175.03,-1
2207,2018-03-09,179.98,176.94,-1
2208,2018-03-12,181.72,179.98,1
2209,2018-03-13,179.97,181.72,1
2210,2018-03-14,178.44,179.97,1
2211,2018-03-15,178.65,178.44,-1
2212,2018-03-16,178.02,178.65,-1
2213,2018-03-19,175.3,178.02,-1
2214,2018-03-20,175.24,175.3,-1
2215,2018-03-21,171.27,175.24,-1
2216,2018-03-22,168.85,171.27,-1
2217,2018-03-23,164.94,168.85,-1
2218,2018-03-26,172.77,164.94,-1
2219,2018-03-27,168.34,172.77,-1
2220,2018-03-28,166.48,168.34,-1
2221,2018-03-29,167.78,166.48,-1
2222,2018-04-02,166.68,167.78,-1
2223,2018-04-03,168.39,166.68,-1
2224,2018-04-04,171.61,168.39,1
2225,2018-04-05,172.8,171.61,1
2226,2018-04-06,168.38,172.8,1
2227,2018-04-09,170.05,168.38,1
2228,2018-04-10,173.25,170.05,1
2229,2018-04-11,172.44,173.25,1
2230,2018-04-12,174.14,172.44,1
2231,2018-04-13,174.73,174.14,1
2232,2018-04-16,175.82,174.73,1
2233,2018-04-17,178.24,175.82,1
2234,2018-04-18,177.84,178.24,1
2235,2018-04-19,172.8,177.84,1
2236,2018-04-20,165.72,172.8,-1
2237,2018-04-23,165.24,165.72,-1
2238,2018-04-24,162.94,165.24,-1
2239,2018-04-25,163.65,162.94,-1
2240,2018-04-26,164.22,163.65,-1
2241,2018-04-27,162.32,164.22,1
2242,2018-04-30,165.26,162.32,1
2243,2018-05-01,169.1,165.26,1
2244,2018-05-02,176.57,169.1,1
2245,2018-05-03,176.89,176.57,1
2246,2018-05-04,183.83,176.89,1
2247,2018-05-07,185.16,183.83,1
2248,2018-05-08,186.05,185.16,1
2249,2018-05-09,187.36,186.05,1
2250,2018-05-10,190.04,187.36,1
2251,2018-05-11,188.59,190.04,1
2252,2018-05-14,188.15,188.59,1
2253,2018-05-15,186.44,188.15,-1
2254,2018-05-16,188.18,186.44,-1
2255,2018-05-17,186.99,188.18,-1
2256,2018-05-18,186.31,186.99,-1
2257,2018-05-21,187.63,186.31,-1
2258,2018-05-22,187.16,187.63,-1
2259,2018-05-23,188.36,187.16,-1
2260,2018-05-24,188.15,188.36,1
2261,2018-05-25,188.58,188.15,-1
2262,2018-05-29,187.9,188.58,1
2263,2018-05-30,187.5,187.9,-1
2264,2018-05-31,186.87,187.5,-1
2265,2018-06-01,190.24,186.87,-1
2266,2018-06-04,191.83,190.24,-1
2267,2018-06-05,193.31,191.83,1
2268,2018-06-06,193.98,193.31,1
2269,2018-06-07,193.46,193.98,1
2270,2018-06-08,191.7,193.46,1
2271,2018-06-11,191.23,191.7,-1
2272,2018-06-12,192.28,191.23,-1
2273,2018-06-13,190.7,192.28,-1
2274,2018-06-14,190.8,190.7,-1
2275,2018-06-15,188.84,190.8,1
2276,2018-06-18,188.74,188.84,-1
2277,2018-06-19,185.69,188.74,-1
2278,2018-06-20,186.5,185.69,-1
2279,2018-06-21,185.46,186.5,-1
2280,2018-06-22,184.92,185.46,-1
2281,2018-06-25,182.17,184.92,-1
2282,2018-06-26,184.43,182.17,-1
2283,2018-06-27,184.16,184.43,-1
2284,2018-06-28,185.5,184.16,-1
2285,2018-06-29,185.11,185.5,1
2286,2018-07-02,187.18,185.11,-1
2287,2018-07-03,183.92,187.18,1
2288,2018-07-05,185.4,183.92,-1
2289,2018-07-06,187.97,185.4,1
2290,2018-07-09,190.58,187.97,1
2291,2018-07-10,190.35,190.58,1
2292,2018-07-11,187.88,190.35,1
2293,2018-07-12,191.03,187.88,-1
2294,2018-07-13,191.33,191.03,-1
2295,2018-07-16,190.91,191.33,1
2296,2018-07-17,191.45,190.91,1
2297,2018-07-18,190.4,191.45,1
2298,2018-07-19,191.88,190.4,-1
2299,2018-07-20,191.44,191.88,1
2300,2018-07-23,191.61,191.44,-1
2301,2018-07-24,193.0,191.61,1
2302,2018-07-25,194.82,193.0,1
2303,2018-07-26,194.21,194.82,1
2304,2018-07-27,190.98,194.21,1
2305,2018-07-30,189.91,190.98,-1
2306,2018-07-31,190.29,189.91,-1
2307,2018-08-01,201.5,190.29,-1
2308,2018-08-02,207.39,201.5,1
2309,2018-08-03,207.99,207.39,1
2310,2018-08-06,209.07,207.99,1
2311,2018-08-07,207.11,209.07,1
2312,2018-08-08,207.25,207.11,1
2313,2018-08-09,208.88,207.25,1
2314,2018-08-10,207.53,208.88,1
2315,2018-08-13,208.87,207.53,1
2316,2018-08-14,209.75,208.87,1
2317,2018-08-15,210.24,209.75,1
2318,2018-08-16,213.32,210.24,1
2319,2018-08-17,217.58,213.32,1
2320,2018-08-20,215.46,217.58,1
2321,2018-08-21,215.04,215.46,1
2322,2018-08-22,215.05,215.04,-1
2323,2018-08-23,215.49,215.05,-1
2324,2018-08-24,216.16,215.49,1
2325,2018-08-27,217.94,216.16,1
2326,2018-08-28,219.7,217.94,1
2327,2018-08-29,222.98,219.7,1
2328,2018-08-30,225.03,222.98,1
2329,2018-08-31,227.63,225.03,1
2330,2018-09-04,228.36,227.63,1
2331,2018-09-05,226.87,228.36,1
2332,2018-09-06,223.1,226.87,1
2333,2018-09-07,221.3,223.1,-1
2334,2018-09-10,218.33,221.3,-1
2335,2018-09-11,223.85,218.33,-1
2336,2018-09-12,221.07,223.85,-1
2337,2018-09-13,226.41,221.07,-1
2338,2018-09-14,223.84,226.41,1
2339,2018-09-17,217.88,223.84,-1
2340,2018-09-18,218.24,217.88,-1
2341,2018-09-19,218.37,218.24,-1
2342,2018-09-20,220.03,218.37,1
2343,2018-09-21,217.66,220.03,1
2344,2018-09-24,220.79,217.66,1
2345,2018-09-25,222.19,220.79,1
2346,2018-09-26,220.42,222.19,1
2347,2018-09-27,224.95,220.42,1
2348,2018-09-28,225.74,224.95,1
2349,2018-10-01,227.26,225.74,1
2350,2018-10-02,229.28,227.26,1
2351,2018-10-03,232.07,229.28,1
2352,2018-10-04,227.99,232.07,1
2353,2018-10-05,224.29,227.99,1
2354,2018-10-08,223.77,224.29,-1
2355,2018-10-09,226.87,223.77,-1
2356,2018-10-10,216.36,226.87,-1
2357,2018-10-11,214.45,216.36,-1
2358,2018-10-12,222.11,214.45,-1
2359,2018-10-15,217.36,222.11,-1
2360,2018-10-16,222.15,217.36,-1
2361,2018-10-17,221.19,222.15,1
2362,2018-10-18,216.02,221.19,-1
2363,2018-10-19,219.31,216.02,-1
2364,2018-10-22,220.65,219.31,-1
2365,2018-10-23,222.73,220.65,1
2366,2018-10-24,215.09,222.73,1
2367,2018-10-25,219.8,215.09,1
2368,2018-10-26,216.3,219.8,1
2369,2018-10-29,212.24,216.3,-1
2370,2018-10-30,213.3,212.24,-1
2371,2018-10-31,218.86,213.3,-1
2372,2018-11-01,222.22,218.86,1
2373,2018-11-02,207.48,222.22,1
2374,2018-11-05,201.59,207.48,1
2375,2018-11-06,203.77,201.59,-1
2376,2018-11-07,209.95,203.77,-1
2377,2018-11-08,208.49,209.95,1
2378,2018-11-09,204.47,208.49,1
2379,2018-11-12,194.17,204.47,-1
2380,2018-11-13,192.23,194.17,-1
2381,2018-11-14,186.8,192.23,-1
2382,2018-11-15,191.41,186.8,-1
2383,2018-11-16,193.53,191.41,-1
2384,2018-11-19,185.86,193.53,1
2385,2018-11-20,176.98,185.86,1
2386,2018-11-21,176.78,176.98,-1
2387,2018-11-23,172.29,176.78,-1
2388,2018-11-26,174.62,172.29,-1
2389,2018-11-27,174.24,174.62,-1
2390,2018-11-28,180.94,174.24,-1
2391,2018-11-29,179.55,180.94,1
2392,2018-11-30,178.58,179.55,-1
2393,2018-12-03,184.82,178.58,-1
2394,2018-12-04,176.69,184.82,-1
2395,2018-12-06,174.72,176.69,-1
2396,2018-12-07,168.49,174.72,-1
2397,2018-12-10,169.6,168.49,-1
2398,2018-12-11,168.63,169.6,-1
2399,2018-12-12,169.1,168.63,-1
2400,2018-12-13,170.95,169.1,1
2401,2018-12-14,165.48,170.95,1
2402,2018-12-17,163.94,165.48,1
2403,2018-12-18,166.07,163.94,-1
2404,2018-12-19,160.89,166.07,-1
2405,2018-12-20,156.83,160.89,-1
2406,2018-12-21,150.73,156.83,-1
2407,2018-12-24,146.83,150.73,-1
2408,2018-12-26,157.17,146.83,-1
2409,2018-12-27,156.15,157.17,-1
2410,2018-12-28,156.23,156.15,-1
2411,2018-12-31,157.74,156.23,1
2412,2019-01-02,157.92,157.74,1
2413,2019-01-03,142.19,157.92,1
2414,2019-01-04,148.26,142.19,1
2415,2019-01-07,147.93,148.26,1
2416,2019-01-08,150.75,147.93,-1
2417,2019-01-09,153.31,150.75,1
2418,2019-01-10,153.8,153.31,1
2419,2019-01-11,152.29,153.8,1
2420,2019-01-14,150.0,152.29,1
2421,2019-01-15,153.07,150.0,-1
2422,2019-01-16,154.94,153.07,-1
2423,2019-01-17,155.86,154.94,1
2424,2019-01-18,156.82,155.86,1
2425,2019-01-22,153.3,156.82,1
2426,2019-01-23,153.92,153.3,1
2427,2019-01-24,152.7,153.92,1
2428,2019-01-25,157.76,152.7,-1
2429,2019-01-28,156.3,157.76,1
2430,2019-01-29,154.68,156.3,-1
2431,2019-01-30,165.25,154.68,-1
2432,2019-01-31,166.44,165.25,-1
2433,2019-02-01,166.52,166.44,1
2434,2019-02-04,171.25,166.52,1
2435,2019-02-05,174.18,171.25,1
2436,2019-02-06,174.24,174.18,1
2437,2019-02-07,170.94,174.24,1
2438,2019-02-08,170.41,170.94,1
2439,2019-02-11,169.43,170.41,-1
2440,2019-02-12,170.89,169.43,-1
2441,2019-02-13,170.18,170.89,-1
2442,2019-02-14,170.8,170.18,-1
2443,2019-02-15,170.42,170.8,1
2444,2019-02-19,170.93,170.42,-1
2445,2019-02-20,172.03,170.93,1
2446,2019-02-21,171.06,172.03,1
2447,2019-02-22,172.97,171.06,1
2448,2019-02-25,174.23,172.97,1
2449,2019-02-26,174.33,174.23,1
2450,2019-02-27,174.87,174.33,1
2451,2019-02-28,173.15,174.87,1
2452,2019-03-01,174.97,173.15,1
2453,2019-03-04,175.85,174.97,1
2454,2019-03-05,175.53,175.85,1
2455,2019-03-06,174.52,175.53,1
2456,2019-03-07,172.5,174.52,-1
2457,2019-03-08,172.91,172.5,-1
2458,2019-03-11,178.9,172.91,-1
2459,2019-03-12,180.91,178.9,1
2460,2019-03-13,181.71,180.91,1
2461,2019-03-14,183.73,181.71,1
2462,2019-03-15,186.12,183.73,1
2463,2019-03-18,188.02,186.12,1
2464,2019-03-19,186.53,188.02,1
2465,2019-03-20,188.16,186.53,1
2466,2019-03-21,195.09,188.16,1
2467,2019-03-22,191.05,195.09,1
2468,2019-03-25,188.74,191.05,1
2469,2019-03-26,186.79,188.74,-1
2470,2019-03-27,188.47,186.79,-1
2471,2019-03-28,188.72,188.47,-1
2472,2019-03-29,189.95,188.72,1
2473,2019-04-01,191.24,189.95,1
2474,2019-04-02,194.02,191.24,1
2475,2019-04-03,195.35,194.02,1
2476,2019-04-04,195.69,195.35,1
2477,2019-04-05,197.0,195.69,1
2478,2019-04-08,200.1,197.0,1
2479,2019-04-09,199.5,200.1,1
2480,2019-04-10,200.62,199.5,1
2481,2019-04-11,198.95,200.62,1
2482,2019-04-12,198.87,198.95,-1
2483,2019-04-15,199.23,198.87,-1
2484,2019-04-16,199.25,199.23,-1
2485,2019-04-17,203.13,199.25,1
2486,2019-04-18,203.86,203.13,1
2487,2019-04-22,204.53,203.86,1
2488,2019-04-23,207.48,204.53,1
2489,2019-04-24,207.16,207.48,1
2490,2019-04-25,205.28,207.16,1
2491,2019-04-26,204.3,205.28,-1
2492,2019-04-29,204.61,204.3,-1
2493,2019-04-30,200.67,204.61,-1
2494,2019-05-01,210.52,200.67,-1
2495,2019-05-02,209.15,210.52,1
2496,2019-05-03,211.75,209.15,-1
2497,2019-05-06,208.48,211.75,1
2498,2019-05-07,202.86,208.48,-1
2499,2019-05-08,202.9,202.86,-1
2500,2019-05-09,200.72,202.9,-1
2501,2019-05-10,197.18,200.72,-1
2502,2019-05-13,185.72,197.18,-1
2503,2019-05-14,188.66,185.72,-1
2504,2019-05-15,190.92,188.66,-1
2505,2019-05-16,190.08,190.92,1
2506,2019-05-17,189.0,190.08,1
2507,2019-05-20,183.09,189.0,-1
2508,2019-05-21,186.6,183.09,-1
2509,2019-05-22,182.78,186.6,-1
2510,2019-05-23,179.66,182.78,-1
2511,2019-05-24,178.97,179.66,-1
2512,2019-05-28,178.23,178.97,-1
2513,2019-05-29,177.38,178.23,-1
2514,2019-05-30,178.3,177.38,-1
2515,2019-05-31,175.07,178.3,-1
2516,2019-06-03,173.3,175.07,-1
